{
	"menu_info_update" : 1,
	"menu_info" : {
		"button": [
			{
				"name" : "美景",
				"type" : "view",
				"url" : "http://mp.weixin.qq.com/mp/homepage?__biz=MzI3NTExNDc4NQ==&hid=1&sn=d1ec8e05d887e0d09b7dbb216750417b&scene=18#wechat_redirect"
			},
			{
				"name" : "听听",
				"sub_button" : [
					{
						"name" : "喜马拉雅",
						"type" : "view",
						"url" : "http://www.ximalaya.com/zhubo/25616166/"
					},
					{
				    	"name" : "美景小程序",
				    	"type" : "media_id",
				    	"media_id" : "Ym2MVoS36cImkadjaZrPIAggY8p7k4CisaSpUPodJwQ"
				    }
				]
			},
			{
				"name" : "APP",
				"sub_button" : [
					{
						"name" : "联系我们",
						"type" : "click",
						"key" : "text_微信:3011740452"
					},
					{
				    	"name" : "幸运用户",
				    	"type" : "view",
				    	"url" : "http://wechat.gowithtommy.com/activityAuth/"
				    },
					{
						"name" : "APP",
						"type" : "view",
						"url" : "http://app.gowithtommy.com/"
					}
				]
			}
		]
	},
	"autoReply" : {
		"is_add_friend_reply_open": 1,
    	"is_autoreply_open": 1,
		"add_friend_autoreply_info": {
        	"type": "text",
        	"content": "hey，又多了一个粉！\n接下来的旅行时光里，美景听听会为你带来最优质的景点讲解服务哦~\n\n<a href='http://wechat.gowithtommy.com/activityAuth'>点击此处</a>，可以申请美景听听幸运用户\n点击“美景”可以看到历史主题原创漫画\n点击“听听”可以通过喜马拉雅和小程序听景点讲解\n点击“App”可以下载美景听听中文语音导游\n\n有任何疑问，欢迎随时骚扰Tommy微信：3011740452"
	    },
	    "message_default_autoreply_info": {
	        "type": "text",
	        "content": "终于等到你，还好我没放弃\n如果遇到问题请联系微信号：3011740452"
	    },
	    "keyword_autoreply_info": {
	        "list": [
	            {
	                "rule_name": "国家巡礼",
	                "create_time": 1502068599,
	                "reply_mode": "random_one",
	                "keyword_list_info": [
	                    {
	                        "type": "text",
	                        "match_mode": "contain",
	                        "content": "国家"
	                    },
	                    {
	                        "type": "text",
	                        "match_mode": "contain",
	                        "content": "巡礼"
	                    },
	                    {
	                        "type": "text",
	                        "match_mode": "contain",
	                        "content": "国家巡礼"
	                    }
	                ],
	                "reply_list_info": [
	                    {
	                        "type": "text",
	                        "content": "点击菜单栏“美景”，或者点击右上角小人，查看历史消息"
	                    }
	                ]
	            },
	            {
	                "rule_name": "幸运用户",
	                "create_time": 1499657420,
	                "reply_mode": "random_one",
	                "keyword_list_info": [
	                    {
	                        "type": "text",
	                        "match_mode": "contain",
	                        "content": "申请"
	                    },
	                    {
	                        "type": "text",
	                        "match_mode": "contain",
	                        "content": "申请幸运用户"
	                    },
	                    {
	                        "type": "text",
	                        "match_mode": "contain",
	                        "content": "幸运用户"
	                    },
	                    {
	                        "type": "text",
	                        "match_mode": "contain",
	                        "content": "免费"
	                    }
	                ],
	                "reply_list_info": [
	                    {
	                        "type": "text",
	                        "content": "加微信：3011740452"
	                    }
	                ]
	            },
	            {
	                "rule_name": "下载不了",
	                "create_time": 1498440830,
	                "reply_mode": "reply_all",
	                "keyword_list_info": [
	                    {
	                        "type": "text",
	                        "match_mode": "contain",
	                        "content": "下载"
	                    },
	                    {
	                        "type": "text",
	                        "match_mode": "contain",
	                        "content": "下载不了"
	                    },
	                    {
	                        "type": "text",
	                        "match_mode": "contain",
	                        "content": "解锁"
	                    },
	                    {
	                        "type": "text",
	                        "match_mode": "contain",
	                        "content": "解锁不了"
	                    },
	                    {
	                        "type": "text",
	                        "match_mode": "contain",
	                        "content": "锁"
	                    },
	                    {
	                        "type": "text",
	                        "match_mode": "contain",
	                        "content": "付费了不能听"
	                    },
	                    {
	                        "type": "text",
	                        "match_mode": "contain",
	                        "content": "付费"
	                    },
	                    {
	                        "type": "text",
	                        "match_mode": "contain",
	                        "content": "不能听"
	                    },
	                    {
	                        "type": "text",
	                        "match_mode": "contain",
	                        "content": "闪退"
	                    },
	                    {
	                        "type": "text",
	                        "match_mode": "contain",
	                        "content": "骗子"
	                    }
	                ],
	                "reply_list_info": [
	                    {
	                        "type": "text",
	                        "content": "您好，很抱歉出现这种情况，请您关闭关闭后台并且重新登陆一下，\n如果还没能解决请您添加我的微信：3011740452"
	                    }
	                ]
	            },
	            {
	                "rule_name": "欧洲的四大家族下",
	                "create_time": 1453708605,
	                "reply_mode": "random_one",
	                "keyword_list_info": [
	                    {
	                        "type": "text",
	                        "match_mode": "contain",
	                        "content": "10"
	                    },
	                    {
	                        "type": "text",
	                        "match_mode": "contain",
	                        "content": "欧洲的四大家族下"
	                    }
	                ],
	                "reply_list_info": [
	                    {
	                        "type": "news",
	                        "content": "mWeBtgF2xM_abN6aPYoDJYFIIrxEGZHSU9wIvVebbvs",
	                        "news_info": {
	                            "list": [
	                                {
	                                    "title": "🌍欧洲脉络 5.0欧洲四大家族（下）",
	                                    "author": "Tommy",
	                                    "digest": "有时候，圈子乱也未必不是好事。",
	                                    "show_cover": 0,
	                                    "cover_url": "http://mmbiz.qpic.cn/mmbiz/LjiadwcjwQAcPiaffxeXexzkZfELicfIuzOZDD7KluiaTvSGCjHS1zHhDTuPTtutbqavrjicWiczdebGEUwpANOkYC0g/0?wx_fmt=jpeg",
	                                    "content_url": "http://mp.weixin.qq.com/s?__biz=MzI3NTExNDc4NQ==&mid=402396793&idx=1&sn=9826822690130033c52e679cafae9080&chksm=790108374e768121b0a2e8e85ba3e4317b23aad01794a7bf38ddf64336a37e34c94e1c301392#rd",
	                                    "source_url": ""
	                                }
	                            ]
	                        }
	                    }
	                ]
	            },
	            {
	                "rule_name": "欧洲的四大家族上",
	                "create_time": 1453708566,
	                "reply_mode": "random_one",
	                "keyword_list_info": [
	                    {
	                        "type": "text",
	                        "match_mode": "contain",
	                        "content": "9"
	                    },
	                    {
	                        "type": "text",
	                        "match_mode": "contain",
	                        "content": "欧洲的四大家族上"
	                    }
	                ],
	                "reply_list_info": [
	                    {
	                        "type": "news",
	                        "content": "mWeBtgF2xM_abN6aPYoDJTvoDwMxg5X16fV_2ENc-SU",
	                        "news_info": {
	                            "list": [
	                                {
	                                    "title": "🌍欧洲脉络4.0 欧洲四大家族（上）",
	                                    "author": "Tommy",
	                                    "digest": "有时候，名字太长也是一种寂寞。",
	                                    "show_cover": 0,
	                                    "cover_url": "http://mmbiz.qpic.cn/mmbiz/LjiadwcjwQAcBEibcYOexSRoWyBvh1vW1NickXZ30yTcLSibT3o7O5bYnH7xATvE3iby8s3GU0qGBHvgDNC5LibxxemQ/0?wx_fmt=jpeg",
	                                    "content_url": "http://mp.weixin.qq.com/s?__biz=MzI3NTExNDc4NQ==&mid=402395301&idx=1&sn=9401eb773062e8b60fe09fe169e54c28&chksm=79010eeb4e7687fd28d2237baac1ea31aeaa044f8e28e776fc98a6ebca577aaf8487c6016e6a#rd",
	                                    "source_url": ""
	                                }
	                            ]
	                        }
	                    }
	                ]
	            },
	            {
	                "rule_name": "教堂建筑风格下",
	                "create_time": 1453190950,
	                "reply_mode": "random_one",
	                "keyword_list_info": [
	                    {
	                        "type": "text",
	                        "match_mode": "contain",
	                        "content": "8"
	                    },
	                    {
	                        "type": "text",
	                        "match_mode": "contain",
	                        "content": "教堂建筑风格下"
	                    }
	                ],
	                "reply_list_info": [
	                    {
	                        "type": "news",
	                        "content": "zjYFylMNbizv5shxuQgGVkiUz7sKqcAuI7HFMp23108",
	                        "news_info": {
	                            "list": [
	                                {
	                                    "title": "⛪️教堂篇5.0 文艺复兴",
	                                    "author": "Tommy",
	                                    "digest": "教堂篇终于要完结了！撒花！",
	                                    "show_cover": 1,
	                                    "cover_url": "http://mmbiz.qpic.cn/mmbiz/LjiadwcjwQAe9BdTRuvpEUEkWdfmN4kSiaiaPWaaueNe4AaD2vhUEfIh6nGNu2LiaaYH0g2KibiaAG0BVdhbu42tqcpQ/0?wx_fmt=jpeg",
	                                    "content_url": "http://mp.weixin.qq.com/s?__biz=MzI3NTExNDc4NQ==&mid=402378334&idx=1&sn=0262eaf58927afcfc25710052c210f0a&chksm=7906d0104e71590656e60aa50a122d2080396205a73b841f5b3a188778a7ca3f22f808e0d8d7#rd",
	                                    "source_url": ""
	                                }
	                            ]
	                        }
	                    }
	                ]
	            },
	            {
	                "rule_name": "教堂建筑风格中三",
	                "create_time": 1453190884,
	                "reply_mode": "random_one",
	                "keyword_list_info": [
	                    {
	                        "type": "text",
	                        "match_mode": "contain",
	                        "content": "7"
	                    },
	                    {
	                        "type": "text",
	                        "match_mode": "contain",
	                        "content": "教堂建筑风格中三"
	                    }
	                ],
	                "reply_list_info": [
	                    {
	                        "type": "news",
	                        "content": "iOW9zh-j3WQNsZxBg0-ydQ3UmKxHiTK9zE0D0mBhcg4",
	                        "news_info": {
	                            "list": [
	                                {
	                                    "title": "⛪️教堂篇4.0 哥特式",
	                                    "author": "【原创】Tommy",
	                                    "digest": "p.s. 图多杀猫",
	                                    "show_cover": 1,
	                                    "cover_url": "http://mmbiz.qpic.cn/mmbiz/LjiadwcjwQAeYweyfgEbpHGhRYxkdEicvrU2TYFzY5NerVE9uPEX6ezFOPjLdOBfXvpYVLrFvUF5f2h8GY551uiaA/0?wx_fmt=jpeg",
	                                    "content_url": "http://mp.weixin.qq.com/s?__biz=MzI3NTExNDc4NQ==&mid=402309682&idx=1&sn=645cf27147d42560a4a791090915dfdc&chksm=7907dc7c4e70556afd1bc614edd1698f0df678a227264661e51eb135368382794ff7f751616c#rd",
	                                    "source_url": ""
	                                }
	                            ]
	                        }
	                    }
	                ]
	            },
	            {
	                "rule_name": "教堂建筑风格中二",
	                "create_time": 1453190838,
	                "reply_mode": "random_one",
	                "keyword_list_info": [
	                    {
	                        "type": "text",
	                        "match_mode": "contain",
	                        "content": "6"
	                    },
	                    {
	                        "type": "text",
	                        "match_mode": "contain",
	                        "content": "教堂建筑风格中二"
	                    }
	                ],
	                "reply_list_info": [
	                    {
	                        "type": "news",
	                        "content": "iKRvCEUBlaU7zyXbol4xnAmd6Zl2ghLDC_biZXu62yo",
	                        "news_info": {
	                            "list": [
	                                {
	                                    "title": "⛪️教堂篇3.0 罗马式",
	                                    "author": "【原创】Tommy",
	                                    "digest": "为什么还是没有下？因为我中二期到了",
	                                    "show_cover": 0,
	                                    "cover_url": "http://mmbiz.qpic.cn/mmbiz/LjiadwcjwQAdESxNnicn7CjQ03KiaqviaxT2yOrEAllR3ZzRvHRVq95mx0wwZdwYgHwmZOx0nSJicty0vGlxKs65Vwg/0?wx_fmt=jpeg",
	                                    "content_url": "http://mp.weixin.qq.com/s?__biz=MzI3NTExNDc4NQ==&mid=402195650&idx=1&sn=6fabf3d70dc5199ed365c653e8dc932b&chksm=79041a8c4e73939a8a3401f4dc1cc301a91aba498b7b314f1a141016dfd187e1343cfeaf24aa#rd",
	                                    "source_url": ""
	                                }
	                            ]
	                        }
	                    }
	                ]
	            },
	            {
	                "rule_name": "教堂建筑风格中",
	                "create_time": 1453190805,
	                "reply_mode": "random_one",
	                "keyword_list_info": [
	                    {
	                        "type": "text",
	                        "match_mode": "contain",
	                        "content": "5"
	                    },
	                    {
	                        "type": "text",
	                        "match_mode": "contain",
	                        "content": "教堂建筑风格中"
	                    }
	                ],
	                "reply_list_info": [
	                    {
	                        "type": "news",
	                        "content": "qGs-X175gKP1riKlmwQTzWN9RiSxVwK0dDqXInOOMgY",
	                        "news_info": {
	                            "list": [
	                                {
	                                    "title": "⛪️教堂篇2.0 拜占庭",
	                                    "author": "TOMMY",
	                                    "digest": "一看就懂的拜占庭风格，这次依旧没有（下）",
	                                    "show_cover": 0,
	                                    "cover_url": "http://mmbiz.qpic.cn/mmbiz/LjiadwcjwQAczDKyIwxZIjkzjibOqic6dwHkrOLG5cBzxmN1xqtMkKXOAf3GHqGCb1gMEuicbibO4b2esKyuzLtXKew/0?wx_fmt=jpeg",
	                                    "content_url": "http://mp.weixin.qq.com/s?__biz=MzI3NTExNDc4NQ==&mid=402148404&idx=1&sn=c27a4a4030deeaea286697c6284d62b9&chksm=7905527a4e72db6ce7a486204437da82513e7b8bdb954ca42c6d1c00ad67d116ed06a691f797#rd",
	                                    "source_url": ""
	                                }
	                            ]
	                        }
	                    }
	                ]
	            },
	            {
	                "rule_name": "教堂建筑风格上",
	                "create_time": 1453190753,
	                "reply_mode": "random_one",
	                "keyword_list_info": [
	                    {
	                        "type": "text",
	                        "match_mode": "contain",
	                        "content": "4"
	                    },
	                    {
	                        "type": "text",
	                        "match_mode": "contain",
	                        "content": "教堂建筑风格上"
	                    }
	                ],
	                "reply_list_info": [
	                    {
	                        "type": "news",
	                        "content": "cK0-f58F30euiMsEdIE_0CVU5r24UlmZEDTx23rnXbE",
	                        "news_info": {
	                            "list": [
	                                {
	                                    "title": "⛪️教堂篇1.0 古希腊&古罗马",
	                                    "author": "TOMMY",
	                                    "digest": "漫话欧洲文明，看得懂的旅行",
	                                    "show_cover": 0,
	                                    "cover_url": "http://mmbiz.qpic.cn/mmbiz/LjiadwcjwQAdKnficFvXlH2cq5A2TiaLaYoKU9oExr1fsSNDialI7cBhIFyhD5DLYco0yFA8gGbhfXiazV3SGlrDloQ/0?wx_fmt=jpeg",
	                                    "content_url": "http://mp.weixin.qq.com/s?__biz=MzI3NTExNDc4NQ==&mid=401974965&idx=1&sn=de0ac954b90ef97b3ebc417f14fa4648&chksm=7908b8fb4e7f31edd60fe638f74d07a3056060dafe2f5933e92be992a5b7e40cbd4df67e1b96#rd",
	                                    "source_url": ""
	                                }
	                            ]
	                        }
	                    }
	                ]
	            },
	            {
	                "rule_name": "欧洲人的信仰",
	                "create_time": 1453190689,
	                "reply_mode": "random_one",
	                "keyword_list_info": [
	                    {
	                        "type": "text",
	                        "match_mode": "contain",
	                        "content": "3"
	                    },
	                    {
	                        "type": "text",
	                        "match_mode": "contain",
	                        "content": "欧洲人的信仰"
	                    }
	                ],
	                "reply_list_info": [
	                    {
	                        "type": "news",
	                        "content": "nOPaeXUabFPRmA-FESHWfwN9dtDuPG-xuCjIqyOUTNo",
	                        "news_info": {
	                            "list": [
	                                {
	                                    "title": "🌍欧洲脉络3.0 圣诞特辑——欧洲人的信仰",
	                                    "author": "【原创】TOMMY",
	                                    "digest": "上帝说点这里会脱单！",
	                                    "show_cover": 0,
	                                    "cover_url": "http://mmbiz.qpic.cn/mmbiz/LjiadwcjwQAdYRmafMicWZmWdwyPEN1C4FMHBt6NVQrODkXaH3oxyYqXKxMmbVM3byfVM4H7nmo9M4vZoSYjJ7gQ/0?wx_fmt=jpeg",
	                                    "content_url": "http://mp.weixin.qq.com/s?__biz=MzI3NTExNDc4NQ==&mid=401802766&idx=1&sn=866122ad49ca5acb53e8c5ea3ea87017&chksm=790e18404e799156bd775ae43ff0db57b228de10e7ecc22dcf8acd9ba533a8a85432595714d2#rd",
	                                    "source_url": ""
	                                }
	                            ]
	                        }
	                    }
	                ]
	            },
	            {
	                "rule_name": "上帝之鞭",
	                "create_time": 1453190649,
	                "reply_mode": "random_one",
	                "keyword_list_info": [
	                    {
	                        "type": "text",
	                        "match_mode": "contain",
	                        "content": "2"
	                    },
	                    {
	                        "type": "text",
	                        "match_mode": "contain",
	                        "content": "上帝之鞭"
	                    }
	                ],
	                "reply_list_info": [
	                    {
	                        "type": "news",
	                        "content": "xPUzMxpqufcxXyzobs5nR9yIzjql4nRaN5_tcaJTkqE",
	                        "news_info": {
	                            "list": [
	                                {
	                                    "title": "🌍欧洲脉络2.0 上帝之鞭",
	                                    "author": "【原创】TOMMY",
	                                    "digest": "上帝的小皮鞭pia pia pia~",
	                                    "show_cover": 1,
	                                    "cover_url": "http://mmbiz.qpic.cn/mmbiz/LjiadwcjwQAcZWzNGdHtjvLXp1JJOn9mJNahJsO4oyBPNAib3PptzdIO8NdkXUiaP7rKX4gqC087LQr5jCr49hlYw/0?wx_fmt=jpeg",
	                                    "content_url": "http://mp.weixin.qq.com/s?__biz=MzI3NTExNDc4NQ==&mid=401637331&idx=1&sn=236efef64290439a93ecd08597d37466&chksm=790d619d4e7ae88b37ef1f35749e2bc5e4bb33bee7ef4d47846b6b60b52cf0cb820f2a04f453#rd",
	                                    "source_url": ""
	                                }
	                            ]
	                        }
	                    }
	                ]
	            },
	            {
	                "rule_name": "欧洲文明",
	                "create_time": 1453190394,
	                "reply_mode": "random_one",
	                "keyword_list_info": [
	                    {
	                        "type": "text",
	                        "match_mode": "contain",
	                        "content": "1"
	                    },
	                    {
	                        "type": "text",
	                        "match_mode": "contain",
	                        "content": "欧洲文明"
	                    }
	                ],
	                "reply_list_info": [
	                    {
	                        "type": "news",
	                        "content": "bqN86yiRTD3Om583RKLdHT1JsYSzvjJmvntTjlGmEig",
	                        "news_info": {
	                            "list": [
	                                {
	                                    "title": "🌍欧洲脉络1.0 欧洲文明起源",
	                                    "author": "Tommy",
	                                    "digest": "漫话欧洲文明，跟着TOMMY一起去旅行吧!",
	                                    "show_cover": 1,
	                                    "cover_url": "http://mmbiz.qpic.cn/mmbiz/LjiadwcjwQAfwcEeYA6g1rvAibeicUgrX0JmFt2wic2DvXSyGvG7fPz950WhfkDibLQ9bVk3T3XibEWbmPhvuTsYBwPg/0?wx_fmt=jpeg",
	                                    "content_url": "http://mp.weixin.qq.com/s?__biz=MzI3NTExNDc4NQ==&mid=401509307&idx=1&sn=ce6c52bcb2e67427f899dd9aa99fc1c3&chksm=791395f54e641ce303b86af25a4a28a3e6e99207e1a39faa321fd2936abd6ff2306f0c44689d#rd",
	                                    "source_url": ""
	                                }
	                            ]
	                        }
	                    }
	                ]
	            }
	        ]
	    }
	}
}