# Host: 47.93.127.4  (Version 5.5.54-log)
# Date: 2018-06-15 20:31:42
# Generator: MySQL-Front 6.0  (Build 2.20)


#
# Structure for table "t_ad_info"
#

CREATE TABLE `t_ad_info` (
  `id` int(11) NOT NULL AUTO_INCREMENT,
  `title` varchar(255) DEFAULT NULL,
  `img` varchar(255) DEFAULT NULL,
  `seq` int(11) DEFAULT '0',
  `admin_id` int(11) DEFAULT '0',
  `status` int(11) DEFAULT '0',
  `created_at` datetime DEFAULT NULL,
  `updated_at` datetime DEFAULT NULL,
  `deleted_at` datetime DEFAULT NULL,
  PRIMARY KEY (`id`)
) ENGINE=InnoDB AUTO_INCREMENT=5 DEFAULT CHARSET=utf8;

#
# Data for table "t_ad_info"
#

INSERT INTO `t_ad_info` VALUES (1,'1122','http://twst.isart.me/o_1cf9dkkcnlhubqotbla1u1irf9.jpg',1,0,0,'2018-06-06 10:08:45','2018-06-06 11:02:06','2018-06-06 11:02:06'),(2,'111','http://twst.isart.me/o_1cfcbi67v1l8i178i1c34g8dj6c9.jpg',2,0,0,'2018-06-07 13:30:09','2018-06-07 13:34:59','2018-06-07 13:34:59'),(3,'1234','123456',12345,0,1,'2018-06-07 13:45:53','2018-06-07 13:48:26','2018-06-07 13:48:26'),(4,'12344','http://twst.isart.me/o_1cfcdbcmrfch193b1hhuc71edv9.jpg',2314,0,0,'2018-06-07 14:02:26','2018-06-07 16:09:00','2018-06-07 16:09:00');

#
# Structure for table "t_admin_info"
#

CREATE TABLE `t_admin_info` (
  `id` int(11) NOT NULL AUTO_INCREMENT,
  `name` varchar(255) DEFAULT NULL,
  `token` varchar(255) DEFAULT NULL,
  `avatar` varchar(255) DEFAULT NULL,
  `status` varchar(45) DEFAULT '1',
  `phonenum` varchar(45) DEFAULT NULL,
  `password` varchar(255) DEFAULT NULL,
  `role` varchar(45) DEFAULT '0',
  `created_at` datetime DEFAULT NULL,
  `updated_at` datetime DEFAULT NULL,
  `deleted_at` datetime DEFAULT NULL,
  PRIMARY KEY (`id`)
) ENGINE=InnoDB AUTO_INCREMENT=22 DEFAULT CHARSET=utf8;

#
# Data for table "t_admin_info"
#

INSERT INTO `t_admin_info` VALUES (15,'TerryQi',NULL,'http://twst.isart.me/o_1c361phup1bbh18gn11dr1qll1tod9.jpg','1','15840345959','afdd0b4ad2ec172c586e2150770fbf9e','1',NULL,'2018-05-29 22:50:09',NULL),(16,'青青',NULL,'http://twst.isart.me/o_1c9qfmii7uo11pk21b61vpr160m9.jpg','1','13012345678','afdd0b4ad2ec172c586e2150770fbf9e','0','2018-03-30 11:37:37','2018-03-30 11:37:37',NULL),(17,'18518952271',NULL,'','1','18518952271','afdd0b4ad2ec172c586e2150770fbf9e','0','2018-05-29 22:04:48','2018-05-29 22:04:48',NULL),(18,'18518952272',NULL,NULL,'1','18518952272','afdd0b4ad2ec172c586e2150770fbf9e','0','2018-05-29 22:05:39','2018-05-29 22:56:43',NULL),(19,'18518952273',NULL,'','1','18518952273','afdd0b4ad2ec172c586e2150770fbf9e','0','2018-05-29 22:06:00','2018-05-29 22:06:00',NULL),(20,'18518952275',NULL,NULL,'1','18518952275','afdd0b4ad2ec172c586e2150770fbf9e','0','2018-05-29 22:06:13','2018-05-29 22:58:35',NULL),(21,'大风起兮',NULL,'http://twst.isart.me/o_1cfck1nll3g619nga90130nhjr9.jpg','1','15600028878','afdd0b4ad2ec172c586e2150770fbf9e','1','2018-06-07 15:58:37','2018-06-07 15:58:37',NULL);

#
# Structure for table "t_collection_info"
#

CREATE TABLE `t_collection_info` (
  `Id` int(11) NOT NULL AUTO_INCREMENT,
  `contribute_id` varchar(255) DEFAULT NULL,
  `user_id` varchar(255) DEFAULT NULL,
  `created_at` datetime DEFAULT NULL,
  `updated_at` datetime DEFAULT NULL,
  `deleted_at` varchar(255) DEFAULT NULL,
  PRIMARY KEY (`Id`)
) ENGINE=InnoDB AUTO_INCREMENT=29 DEFAULT CHARSET=utf8;

#
# Data for table "t_collection_info"
#

INSERT INTO `t_collection_info` VALUES (1,'47','83','2018-06-06 09:51:51','2018-06-06 09:53:55','2018-06-06 09:53:55'),(2,'47','83','2018-06-06 09:53:57','2018-06-06 09:59:35','2018-06-06 09:59:35'),(3,'47','83','2018-06-06 09:59:37','2018-06-06 09:59:40','2018-06-06 09:59:40'),(4,'47','83','2018-06-06 09:59:43','2018-06-06 10:00:24','2018-06-06 10:00:24'),(5,'47','83','2018-06-06 10:00:39','2018-06-06 10:00:44','2018-06-06 10:00:44'),(6,'47','83','2018-06-06 10:00:48','2018-06-06 10:00:50','2018-06-06 10:00:50'),(7,'47','83','2018-06-06 10:00:53','2018-06-06 10:00:56','2018-06-06 10:00:56'),(8,'47','83','2018-06-06 11:35:37','2018-06-06 11:35:39','2018-06-06 11:35:39'),(9,'47','83','2018-06-06 14:20:35','2018-06-07 10:47:50','2018-06-07 10:47:50'),(10,'47','107','2018-06-07 11:14:52','2018-06-07 13:29:09','2018-06-07 13:29:09'),(11,'47','83','2018-06-07 11:27:09','2018-06-09 22:20:32','2018-06-09 22:20:32'),(12,'46','107','2018-06-07 11:40:42','2018-06-07 11:40:46','2018-06-07 11:40:46'),(13,'46','107','2018-06-07 13:03:21','2018-06-07 13:03:21',NULL),(14,'47','107','2018-06-07 13:29:12','2018-06-07 17:49:04','2018-06-07 17:49:04'),(15,'44','107','2018-06-07 13:29:16','2018-06-07 13:29:16',NULL),(16,'35','107','2018-06-07 13:59:15','2018-06-07 13:59:15',NULL),(17,'47','139','2018-06-07 15:51:02','2018-06-07 15:51:02',NULL),(18,'47','84','2018-06-07 15:55:58','2018-06-07 15:55:58',NULL),(19,'84','153','2018-06-08 18:03:10','2018-06-08 18:11:35','2018-06-08 18:11:35'),(20,'40','153','2018-06-09 12:33:20','2018-06-09 12:33:23','2018-06-09 12:33:23'),(21,'84','153','2018-06-09 12:44:25','2018-06-09 12:44:27','2018-06-09 12:44:27'),(22,'84','153','2018-06-09 12:44:53','2018-06-09 12:44:56','2018-06-09 12:44:56'),(23,'40','150','2018-06-09 19:26:57','2018-06-09 19:26:57',NULL),(24,'84','83','2018-06-09 22:26:06','2018-06-09 22:26:06',NULL),(25,'84','122','2018-06-11 15:53:29','2018-06-11 15:53:29',NULL),(26,'80','122','2018-06-11 15:56:14','2018-06-11 15:56:14',NULL),(27,'46','98','2018-06-12 02:25:04','2018-06-12 02:25:07','2018-06-12 02:25:07'),(28,'47','83','2018-06-12 22:05:37','2018-06-12 22:05:48','2018-06-12 22:05:48');

#
# Structure for table "t_comments_info"
#

CREATE TABLE `t_comments_info` (
  `id` int(11) NOT NULL AUTO_INCREMENT,
  `user_id` int(11) DEFAULT NULL COMMENT '用户id',
  `event_id` int(11) DEFAULT NULL COMMENT '活动id',
  `contribute_id` int(11) DEFAULT NULL COMMENT '投稿id',
  `content` text COMMENT '评论内容',
  `img` text COMMENT '评论图片：多张用逗号隔开',
  `created_at` datetime DEFAULT NULL COMMENT '创建时间',
  `updated_at` datetime DEFAULT NULL COMMENT '更新时间',
  `deleted_at` datetime DEFAULT NULL COMMENT '删除时间',
  PRIMARY KEY (`id`)
) ENGINE=InnoDB AUTO_INCREMENT=42 DEFAULT CHARSET=utf8 COMMENT='评论表';

#
# Data for table "t_comments_info"
#

INSERT INTO `t_comments_info` VALUES (2,83,1,22,'此投稿非常经常','http://twst.isart.me/o_1cbtjpkjp182pa9u156rjte148p9.jpg,http://twst.isart.me/o_1cbtjpkjp182pa9u156rjte148p9.jpg','2018-05-04 15:02:08','2018-05-04 15:02:08',NULL),(3,83,1,22,'此投稿非常经常','http://twst.isart.me/o_1cbtjpkjp182pa9u156rjte148p9.jpg,http://twst.isart.me/o_1cbtjpkjp182pa9u156rjte148p9.jpg','2018-05-04 15:04:18','2018-05-04 15:04:18',NULL),(4,83,6,18,'哈哈哈','http://dsyy.isart.me/tmp/wx9c5348c77565c244.o6zAJs3FFzas02nMmUHEIaQsPMXk.Rf7IBerONtK4d440b679b63e259a3b9636b2a094bb6a.jpg,http://dsyy.isart.me/tmp/wx9c5348c77565c244.o6zAJs3FFzas02nMmUHEIaQsPMXk.TrWiDod0HMm38776ceaa2ee55fcadf5f350b8cfb1d72.jpg','2018-05-07 01:22:02','2018-05-07 01:22:02',NULL),(5,83,6,18,'fehfuihaweif','http://dsyy.isart.me/tmp/wx9c5348c77565c244.o6zAJs3FFzas02nMmUHEIaQsPMXk.C1DcuqEv3vXmd440b679b63e259a3b9636b2a094bb6a.jpg','2018-05-07 01:31:53','2018-05-07 01:31:53',NULL),(6,83,6,18,'fuheiwuafhiwhewf','http://dsyy.isart.me/tmp/wx9c5348c77565c244.o6zAJs3FFzas02nMmUHEIaQsPMXk.BORR2ndmJ7Gk8776ceaa2ee55fcadf5f350b8cfb1d72.jpg','2018-05-07 01:41:22','2018-05-07 01:41:22',NULL),(7,83,6,18,'测试','http://dsyy.isart.me/tmp/wx9c5348c77565c244.o6zAJs3FFzas02nMmUHEIaQsPMXk.szTZSfQBCub18776ceaa2ee55fcadf5f350b8cfb1d72.jpg,http://dsyy.isart.me/tmp/wx9c5348c77565c244.o6zAJs3FFzas02nMmUHEIaQsPMXk.43njYwt21onJd440b679b63e259a3b9636b2a094bb6a.jpg','2018-05-07 03:03:33','2018-05-07 03:03:33',NULL),(8,104,11,46,'不错不错','http://dsyy.isart.me/tmp_8a2bb035655873f66a953c7c163e9850502155c1f2f00885.jpg','2018-05-22 14:48:05','2018-05-22 14:48:05',NULL),(9,98,11,46,'Test','http://dsyy.isart.me/tmp_70c8a62a3ade3e009eca3322843beb66.jpg,http://dsyy.isart.me/tmp_29c3de3eba7baea9e99143bbbc5c79bb.jpg','2018-05-26 04:59:31','2018-05-26 04:59:31',NULL),(10,115,1,35,'这个不错','http://dsyy.isart.me/tmp_a451a65c82d10a7dc07b29882ecfe54c80d3078736950e4c.jpg','2018-05-29 16:14:10','2018-06-06 12:11:43','2018-06-06 12:11:43'),(11,110,1,47,'测试是否好用','http://dsyy.isart.me/tmp_7ac69bb41b9ce9d00ef7e6f6cb6a34e9b3b43e1508ee537f.jpg','2018-05-30 05:32:00','2018-05-30 05:32:00',NULL),(12,110,1,47,'在测试好好测试','http://dsyy.isart.me/tmp_9f2e8eea2c8a241d98a9ceeb20fdc42cccb3277044d542df.jpg,http://dsyy.isart.me/tmp_aebba2856a24491ad41ee1a16a502c312f17930470cd01c8.jpg,http://dsyy.isart.me/tmp_c55c5269f11a4b5bb253468438379dc4a9f9fdfa8f59aeb9.jpg,http://dsyy.isart.me/tmp_f466672aadbe15ad6c805edeb536d168dc82dc60a8a0c64c.jpg,http://dsyy.isart.me/tmp_2d9740f6f9864508e9d4f01c845e9e46b606b1205000c012.jpg,http://dsyy.isart.me/tmp_66a9b70c16f513be9fbeb0adff6fc3422808a52cd2e2cdd5.jpg,http://dsyy.isart.me/tmp_67b314f6adab1d142f4ca248186ceb0fe200361bd42c15b0.jpg,http://dsyy.isart.me/tmp_e05414852629d450a8fc1c8efcf5285e6021632f30fb93dd.jpg,http://dsyy.isart.me/tmp_46f4d5002dca407c666cfa9c4db2a812dffa8703e4ac219c.jpg,http://dsyy.isart.me/tmp_1ec1d0b33068c368598144e295dbf3a3c6635f03a9dc034d.jpg,http://dsyy.isart.me/tmp_718ab873cb288548e3566a42d054ad0022d8589e9b32dcb2.jpg,http://dsyy.isart.me/tmp_31f816d68dcfdf04e9b8ea1425fad9afae83927f8a53c5c1.jpg,http://dsyy.isart.me/tmp_53d6ec40febfd055fa451dae697ad7373c6f677844869d1b.jpg,http://dsyy.isart.me/tmp_3db47fbed4d9a59800ad90c50f20a2a7e422033c63bf7e08.jpg,http://dsyy.isart.me/tmp_82d1eedf4638bce58236d453ac2c9577cbdd9e91bdfd7392.jpg,http://dsyy.isart.me/tmp_2c5ac983596aece413a9c69c36cec3d15df0881c4f4df3d7.jpg,http://dsyy.isart.me/tmp_da78b67da17c532e1fd5c2efc3ed0605e28b4cfaac291c4e.jpg,http://dsyy.isart.me/tmp_5ed2e5bf660476a7940449ca4f5b1d2c20c090b1368c9c6d.jpg,http://dsyy.isart.me/tmp_aca99c3a38b69e3c4740db85a1b7934478a32aef8507c394.jpg,http://dsyy.isart.me/tmp_27625a6c382f626315833786035af05dc1c4eb17a6c7a85e.jpg,http://dsyy.isart.me/tmp_2429b7dc8bdfde1e466928279691f955f7b8d93610442754.jpg,http://dsyy.isart.me/tmp_5150529ab847e143fe4f36d80eb7de4d2ac2d7a1b49a0ea0.jpg,http://dsyy.isart.me/tmp_8ab2e6a59a8a35b3528ad17eddadd6a668d5345992e0be0a.jpg,http://dsyy.isart.me/tmp_59c2822ce1dd20af3d9610094f06b6b28f0715b53a362ea2.jpg,http://dsyy.isart.me/tmp_f7eaa1a5b27d6f9a29c0f3b5ea0ce5eb02977d030d277a26.jpg,http://dsyy.isart.me/tmp_bbc42f6f28482784b8cc95d3754d8b865f51f1fc2c6fde00.jpg,http://dsyy.isart.me/tmp_f9328a7349dd934fc2eeaea7761d453d8bf2db8337802a90.jpg','2018-05-30 05:37:42','2018-05-30 05:37:42',NULL),(13,122,1,47,'测试','http://dsyy.isart.me/tmp_ad8ed0aee6ed1e0475cbcdfe06e64c78dcaaadc1a9402f1e.jpg,http://dsyy.isart.me/tmp_bb77b73195c9aa4724ca8a9c8c3f14ada56e8a76ff3eb21f.jpg','2018-05-30 10:04:45','2018-06-04 15:31:27','2018-06-04 15:31:27'),(14,119,1,44,'评论',NULL,'2018-05-30 11:07:03','2018-05-30 11:07:03',NULL),(15,84,1,47,'厉害了',NULL,'2018-05-30 22:45:26','2018-05-30 22:45:26',NULL),(16,115,1,35,'不错很好',NULL,'2018-05-31 09:32:31','2018-05-31 09:38:42','2018-05-31 09:38:42'),(17,115,1,47,'支持支持','http://dsyy.isart.me/tmp_cea812aac17926f3e881560d6c00ddee6d81acd25077dd03.jpg','2018-05-31 09:33:11','2018-05-31 09:33:11',NULL),(18,119,1,47,'次次次','http://dsyy.isart.me/tmp_dc0936c10fc69bf75f4420b56d2d07d1.jpg','2018-05-31 09:33:22','2018-05-31 09:40:16','2018-05-31 09:40:16'),(19,122,1,47,'测试',NULL,'2018-06-04 15:31:18','2018-06-04 15:31:18',NULL),(20,83,11,46,'11111',NULL,'2018-06-07 11:46:10','2018-06-07 11:46:10',NULL),(21,107,1,47,'非常好',NULL,'2018-06-07 13:00:11','2018-06-07 13:00:11',NULL),(22,107,11,40,'很好',NULL,'2018-06-07 13:00:43','2018-06-07 13:00:43',NULL),(23,107,1,47,'123',NULL,'2018-06-07 13:36:21','2018-06-07 14:59:22','2018-06-07 14:59:22'),(24,107,1,35,'123',NULL,'2018-06-07 13:37:21','2018-06-07 13:37:26','2018-06-07 13:37:26'),(25,107,1,35,NULL,NULL,'2018-06-07 13:59:23','2018-06-07 17:52:23','2018-06-07 17:52:23'),(26,107,1,35,'123',NULL,'2018-06-07 13:59:29','2018-06-07 17:52:19','2018-06-07 17:52:19'),(27,107,1,35,NULL,NULL,'2018-06-07 13:59:32','2018-06-07 17:52:14','2018-06-07 17:52:14'),(28,107,1,35,NULL,NULL,'2018-06-07 13:59:40','2018-06-07 17:52:10','2018-06-07 17:52:10'),(29,139,1,47,NULL,NULL,'2018-06-07 15:49:41','2018-06-07 15:49:41',NULL),(30,139,1,47,'这不仅仅',NULL,'2018-06-07 15:51:28','2018-06-07 15:51:28',NULL),(31,139,1,47,'真的很不错，哈哈惊声尖叫男生女生没什么嘛没事没事明明是',NULL,'2018-06-07 15:53:36','2018-06-07 15:53:36',NULL),(32,84,1,47,'测试',NULL,'2018-06-07 15:55:50','2018-06-07 15:55:50',NULL),(33,107,1,47,NULL,NULL,'2018-06-07 16:11:49','2018-06-07 16:22:20','2018-06-07 16:22:20'),(34,107,11,40,NULL,NULL,'2018-06-07 16:22:51','2018-06-07 16:22:51',NULL),(35,83,1,47,'1234',NULL,'2018-06-07 17:46:43','2018-06-07 17:46:43',NULL),(36,148,1,47,'。。。。',NULL,'2018-06-08 08:47:58','2018-06-08 08:47:58',NULL),(37,153,1,47,'非常好',NULL,'2018-06-08 15:41:57','2018-06-08 15:41:57',NULL),(38,153,11,40,'非常好',NULL,'2018-06-08 15:42:36','2018-06-08 15:42:36',NULL),(39,150,1,84,'评论一下',NULL,'2018-06-09 19:23:34','2018-06-09 19:23:34',NULL),(40,98,11,40,'t ye他也',NULL,'2018-06-09 21:25:08','2018-06-09 21:25:08',NULL),(41,98,1,84,'复燃氛围',NULL,'2018-06-13 15:41:44','2018-06-13 15:41:44',NULL);

#
# Structure for table "t_contribute_consents"
#

CREATE TABLE `t_contribute_consents` (
  `id` int(11) NOT NULL AUTO_INCREMENT,
  `contribute_id` int(11) DEFAULT NULL COMMENT '投稿id',
  `user_id` int(11) DEFAULT NULL COMMENT '用户id',
  `event_id` int(11) DEFAULT NULL COMMENT '活动id',
  `status` int(11) DEFAULT '1' COMMENT '状态（0：无效；1：有效）',
  `created_at` datetime DEFAULT NULL,
  `updated_at` datetime DEFAULT NULL,
  `deleted_at` datetime DEFAULT NULL COMMENT '删除时间',
  PRIMARY KEY (`id`)
) ENGINE=InnoDB AUTO_INCREMENT=67 DEFAULT CHARSET=utf8 COMMENT='投稿点赞表';

#
# Data for table "t_contribute_consents"
#

INSERT INTO `t_contribute_consents` VALUES (6,22,83,1,1,'2018-05-04 17:35:07','2018-05-18 11:26:29',NULL),(7,18,83,6,1,'2018-05-07 01:55:51','2018-05-07 03:09:59',NULL),(8,18,84,6,1,'2018-05-07 07:47:35','2018-05-07 07:47:35',NULL),(9,35,104,1,1,'2018-05-20 11:03:03','2018-05-20 11:03:20',NULL),(10,42,104,12,0,'2018-05-20 11:04:12','2018-05-20 11:06:04',NULL),(11,40,105,11,0,'2018-05-20 11:44:42','2018-05-21 14:06:27',NULL),(12,40,83,11,1,'2018-05-21 21:22:12','2018-06-15 09:55:01',NULL),(13,46,83,11,0,'2018-05-21 21:24:10','2018-05-22 15:59:44',NULL),(14,40,120,11,1,'2018-05-21 23:27:00','2018-05-21 23:27:00',NULL),(15,46,120,11,1,'2018-05-21 23:27:01','2018-05-21 23:27:01',NULL),(16,46,104,11,1,'2018-05-22 14:48:23','2018-05-22 14:48:31',NULL),(17,35,84,1,1,'2018-05-22 14:51:07','2018-05-22 14:51:07',NULL),(18,46,98,11,1,'2018-05-26 04:59:38','2018-05-26 04:59:38',NULL),(19,35,124,1,1,'2018-05-29 10:45:50','2018-05-29 10:45:50',NULL),(20,35,115,1,0,'2018-05-29 15:59:20','2018-05-29 16:25:29',NULL),(21,47,84,1,1,'2018-05-29 23:01:35','2018-06-07 15:52:16',NULL),(22,44,110,1,1,'2018-05-30 05:28:10','2018-05-30 05:28:10',NULL),(23,50,110,1,1,'2018-05-30 05:28:20','2018-05-30 05:28:20',NULL),(24,47,104,1,1,'2018-05-30 07:54:44','2018-05-30 07:54:44',NULL),(25,50,84,1,1,'2018-05-30 08:12:49','2018-05-30 08:12:49',NULL),(26,44,104,1,1,'2018-05-30 08:18:34','2018-05-30 08:18:42',NULL),(27,47,122,1,1,'2018-05-30 10:07:26','2018-05-30 10:07:26',NULL),(28,47,115,1,1,'2018-05-30 10:32:37','2018-05-30 10:33:12',NULL),(29,47,94,1,1,'2018-05-30 12:12:51','2018-05-30 12:12:51',NULL),(30,44,94,1,1,'2018-05-30 12:12:55','2018-05-30 12:12:55',NULL),(31,35,94,1,1,'2018-05-30 12:12:58','2018-05-30 12:12:58',NULL),(32,47,139,1,0,'2018-05-31 12:25:39','2018-05-31 12:25:43',NULL),(33,47,83,1,0,'2018-06-04 09:25:27','2018-06-12 21:33:46',NULL),(34,44,115,1,1,'2018-06-05 14:17:38','2018-06-05 14:17:38',NULL),(35,44,92,1,1,'2018-06-06 11:22:08','2018-06-06 11:22:08',NULL),(36,47,107,1,1,'2018-06-07 13:00:23','2018-06-07 17:49:30',NULL),(37,44,107,1,1,'2018-06-07 13:36:08','2018-06-07 17:49:39',NULL),(38,35,107,1,0,'2018-06-07 17:49:45','2018-06-07 17:49:49',NULL),(39,80,151,1,1,'2018-06-08 14:15:43','2018-06-08 14:15:43',NULL),(40,84,151,1,1,'2018-06-08 14:15:46','2018-06-08 14:15:46',NULL),(41,40,153,11,1,'2018-06-08 15:42:13','2018-06-11 16:20:37',NULL),(42,46,110,11,1,'2018-06-08 16:14:52','2018-06-08 16:14:52',NULL),(43,40,110,11,1,'2018-06-08 16:14:56','2018-06-08 16:14:56',NULL),(44,46,153,11,1,'2018-06-08 16:29:23','2018-06-08 16:32:29',NULL),(45,82,153,1,1,'2018-06-08 18:00:06','2018-06-08 18:00:06',NULL),(46,84,124,1,1,'2018-06-09 09:13:33','2018-06-09 09:13:33',NULL),(47,84,110,1,1,'2018-06-09 10:06:00','2018-06-11 17:34:36',NULL),(48,84,153,1,1,'2018-06-09 12:44:04','2018-06-12 19:23:15',NULL),(49,82,150,1,1,'2018-06-09 19:23:41','2018-06-13 16:53:41',NULL),(50,40,98,11,1,'2018-06-09 21:14:02','2018-06-09 21:14:02',NULL),(51,84,83,1,1,'2018-06-09 22:28:18','2018-06-13 17:43:04',NULL),(52,63,155,1,1,'2018-06-10 16:39:24','2018-06-10 16:39:24',NULL),(53,84,155,1,1,'2018-06-10 16:39:30','2018-06-10 16:39:30',NULL),(54,80,122,1,0,'2018-06-11 15:56:46','2018-06-11 15:56:50',NULL),(55,82,110,1,1,'2018-06-11 17:34:46','2018-06-11 17:34:46',NULL),(56,60,110,1,1,'2018-06-11 17:34:53','2018-06-11 17:34:53',NULL),(57,56,110,1,1,'2018-06-11 17:35:01','2018-06-11 17:35:01',NULL),(58,51,110,1,1,'2018-06-11 17:35:09','2018-06-11 17:35:09',NULL),(59,47,110,1,1,'2018-06-11 17:35:18','2018-06-11 17:35:18',NULL),(60,82,98,1,1,'2018-06-13 14:29:46','2018-06-13 14:29:46',NULL),(61,60,98,1,1,'2018-06-13 14:29:54','2018-06-13 14:29:54',NULL),(62,84,150,1,1,'2018-06-13 16:53:18','2018-06-13 16:53:26',NULL),(63,60,150,1,1,'2018-06-13 16:53:50','2018-06-13 16:53:50',NULL),(64,57,150,1,1,'2018-06-13 16:54:04','2018-06-13 16:54:04',NULL),(65,56,150,1,0,'2018-06-13 16:54:13','2018-06-13 16:54:16',NULL),(66,84,144,1,1,'2018-06-13 17:14:19','2018-06-13 17:26:02',NULL);

#
# Structure for table "t_contribute_info"
#

CREATE TABLE `t_contribute_info` (
  `id` int(11) NOT NULL AUTO_INCREMENT,
  `event_id` int(20) DEFAULT NULL COMMENT '活动id',
  `user_id` int(20) DEFAULT NULL COMMENT '用户id',
  `title` varchar(225) DEFAULT NULL COMMENT '标题',
  `status` varchar(45) DEFAULT '0' COMMENT '是否推荐为精彩：0：初始状态；1：审核通过；2：审核驳回 3：提交审核（审核中）',
  `flag` varchar(45) CHARACTER SET big5 DEFAULT '0' COMMENT '推荐标识 ：0：普通；1：精彩',
  `introduction` text COMMENT '简介',
  `consent_num` int(11) DEFAULT '0' COMMENT '点赞数',
  `comment_num` int(11) DEFAULT '0' COMMENT '评论数',
  `forward_num` int(11) DEFAULT '0' COMMENT '转发数',
  `seq` int(11) DEFAULT '0',
  `created_at` datetime DEFAULT NULL COMMENT '创建时间',
  `updated_at` datetime DEFAULT NULL COMMENT '更新时间',
  `deleted_at` datetime DEFAULT NULL COMMENT '删除时间',
  PRIMARY KEY (`id`)
) ENGINE=InnoDB AUTO_INCREMENT=95 DEFAULT CHARSET=utf8 COMMENT='投稿表';

#
# Data for table "t_contribute_info"
#

INSERT INTO `t_contribute_info` VALUES (28,1,89,'测试 地暖大赛案例','0','0','两室两厅地暖施工',0,0,0,0,'2018-05-03 09:35:22','2018-05-29 11:32:50','2018-05-29 11:32:50'),(29,1,111,'打电话的好好的哈','1','1','还好好的回电话',0,0,0,0,'2018-05-14 14:58:39','2018-06-08 16:19:52',NULL),(35,1,83,'地暖万里行','1','1','主办单位：\n中国建筑金属结构协会舒适家居分会\n中国建筑金属结构协会辐射供暖供冷委员会\n中国建筑金属结构协会采暖散热器委员会\n\n承办单位：\n暖立方传媒\n中国地暖网\n南方采暖网\n\n冠名单位：\n湿腾\n\n支持单位：\n天脉远红\n\n\n媒体合作：\n地暖月刊、CS舒适系统、供暖信息、供热制冷、南方采暖网、房天下、今日头条、腾讯家居',4,0,18,0,'2018-05-18 11:33:23','2018-06-11 09:26:14','2018-06-11 09:26:14'),(40,11,NULL,'南京永真天脉远红地暖体验中心施工案例','1','1','【永真天脉远红】南京万达茂御湖仕家干式节能水地暖施工日志',10,6,30,99,'2018-05-19 21:35:01','2018-06-15 09:55:01',NULL),(44,1,115,'中国采暖施工大赛','1','1','舒适家居',6,1,18,0,'2018-05-21 11:56:50','2018-06-09 12:56:23',NULL),(45,11,NULL,'苏州园林式别墅电地暖铺设','1','1','苏州园林式别墅电地暖铺设项目概况：\n地址：苏州西山金庭镇自建园林式别墅\n电地暖主材：安奈林双导发热电缆\n辅材：3公分厚保温板、PET镜面反射膜、硅晶网、卡钉、边角保温条\n下面上图\n\n\n\n电地暖安装发热电缆铺设案例 (1).jpg (201.18 KB, 下载次数: 5)\n\n电地暖安装发热电缆铺设案例 (1).jpg\n电地暖安装发热电缆铺设案例 (2).jpg (139.89 KB, 下载次数: 4)\n\n电地暖安装发热电缆铺设案例 (2).jpg\n电地暖安装发热电缆铺设案例 (3).jpg (165.51 KB, 下载次数: 4)\n\n电地暖安装发热电缆铺设案例 (3).jpg\n电地暖安装发热电缆铺设案例 (4).jpg (139.06 KB, 下载次数: 4)\n\n电地暖安装发热电缆铺设案例 (4).jpg\n电地暖安装发热电缆铺设案例 (5).jpg (169.02 KB, 下载次数: 4)\n\n电地暖安装发热电缆铺设案例 (5).jpg\n电地暖安装发热电缆铺设案例 (6).jpg (202.81 KB, 下载次数: 4)\n\n电地暖安装发热电缆铺设案例 (6).jpg\n电地暖安装发热电缆铺设案例 (7).jpg (158.18 KB, 下载次数: 4)\n\n电地暖安装发热电缆铺设案例 (7).jpg\n电地暖安装发热电缆铺设案例 (8).jpg (240.16 KB, 下载次数: 4)\n\n电地暖安装发热电缆铺设案例 (8).jpg\n电地暖安装发热电缆铺设案例 (9).jpg (230.84 KB, 下载次数: 4)\n\n电地暖安装发热电缆铺设案例 (9).jpg\n电地暖安装发热电缆铺设案例 (10).jpg (218.9 KB, 下载次数: 4)\n\n电地暖安装发热电缆铺设案例 (10).jpg\n电地暖安装发热电缆铺设案例 (11).jpg (237.45 KB, 下载次数: 4)\n\n电地暖安装发热电缆铺设案例 (11).jpg\n电地暖安装发热电缆铺设案例 (12).jpg (207.45 KB, 下载次数: 4)\n\n电地暖安装发热电缆铺设案例 (12).jpg\n电地暖安装发热电缆铺设案例 (13).jpg (220.74 KB, 下载次数: 4)\n\n电地暖安装发热电缆铺设案例 (13).jpg\n电地暖安装发热电缆铺设案例 (14).jpg (192.55 KB, 下载次数: 4)\n\n电地暖安装发热电缆铺设案例 (14).jpg\n电地暖安装发热电缆铺设案例 (15).jpg (261.68 KB, 下载次数: 4)\n\n电地暖安装发热电缆铺设案例 (15).jpg\n电地暖安装发热电缆铺设案例 (16).jpg (258.32 KB, 下载次数: 4)\n\n电地暖安装发热电缆铺设案例 (16).jpg\n电地暖安装发热电缆铺设案例 (17).jpg (218.32 KB, 下载次数: 4)\n\n电地暖安装发热电缆铺设案例 (17).jpg\n电地暖安装发热电缆铺设案例 (18).jpg (191.89 KB, 下载次数: 4)\n\n电地暖安装发热电缆铺设案例 (18).jpg\n电地暖安装发热电缆铺设案例 (19).jpg (215.49 KB, 下载次数: 4)\n\n电地暖安装发热电缆铺设案例 (19).jpg\n电地暖安装发热电缆铺设案例 (20).jpg (164.29 KB, 下载次数: 4)\n\n电地暖安装发热电缆铺设案例 (20).jpg\n电地暖安装发热电缆铺设案例 (21).jpg (260.46 KB, 下载次数: 4)\n\n电地暖安装发热电缆铺设案例 (21).jpg\n电地暖安装发热电缆铺设案例 (22).jpg (278.24 KB, 下载次数: 4)\n\n电地暖安装发热电缆铺设案例 (22).jpg\n电地暖安装发热电缆铺设案例 (23).jpg (257.85 KB, 下载次数: 4)\n\n电地暖安装发热电缆铺设案例 (23).jpg\n电地暖安装发热电缆铺设案例 (24).jpg (165.81 KB, 下载次数: 4)\n\n电地暖安装发热电缆铺设案例 (24).jpg\n电地暖安装发热电缆铺设案例 (25).jpg (144.71 KB, 下载次数: 4)\n\n电地暖安装发热电缆铺设案例 (25).jpg\n电地暖安装发热电缆铺设案例 (26).jpg (247.47 KB, 下载次数: 4)\n\n电地暖安装发热电缆铺设案例 (26).jpg',0,0,0,1,'2018-05-21 21:18:01','2018-05-21 21:18:13','2018-05-21 21:18:13'),(46,11,NULL,'苏州园林式别墅电地暖铺设','1','1','苏州园林式别墅电地暖铺设',5,3,5,1,'2018-05-21 21:19:58','2018-06-08 16:32:29',NULL),(47,1,124,'中国明装采暖先锋论坛合肥站','1','1','中国明装采暖先锋论坛合肥站',7,13,49,0,'2018-05-28 15:03:51','2018-06-12 21:33:46',NULL),(48,1,119,'90后空巢青年的温暖','1','1','买房子了！买房子了！买房子了！重要的事情说三遍，下面就是我装地暖的记录',0,0,0,0,'2018-05-29 11:32:55','2018-06-08 16:06:37',NULL),(49,1,119,'冬天不冷了','1','1','家在上海，每年冬天都是煎熬，需要盖被子，吹空调，真的是痛苦，邻居家装了暖气，体验很好',0,0,0,0,'2018-05-29 13:30:49','2018-06-08 16:06:51',NULL),(50,1,127,'地暖，让你的家更温暖','1','1','北京的冬天能把人吹成一个傻子，趁着新房还没装修，一定要赶紧装地暖！',2,0,5,0,'2018-05-29 16:18:27','2018-05-30 09:18:42','2018-05-30 09:18:42'),(51,1,110,'祝大赛成功','1','1','我家要装地暖转给您 地暖万里行',1,0,0,0,'2018-05-30 05:42:20','2018-06-11 17:35:09',NULL),(52,1,89,'地暖安装大赛','0','0','地暖的感觉',0,0,0,0,'2018-05-30 07:35:11','2018-05-30 09:24:30','2018-05-30 09:24:30'),(53,1,119,'地暖网','0','0','中国地暖网',0,0,0,0,'2018-05-30 09:08:28','2018-05-30 09:09:13','2018-05-30 09:09:13'),(54,1,127,'地暖让你的家更温暖','1','1','北京冬天能把人冻成个傻子，趁着新房还没装修，一定要赶紧装地暖！',0,0,1,0,'2018-05-30 09:45:13','2018-06-08 16:22:26',NULL),(55,1,89,'大赛案例','1','1','测试版本',0,0,0,0,'2018-05-31 08:51:25','2018-06-08 16:18:42',NULL),(56,1,89,'我的','1','1',NULL,1,0,0,0,'2018-05-31 09:38:34','2018-06-13 16:54:16',NULL),(57,1,122,'测试大赛帖子标题123456789012','1','1','测试简介',1,0,0,0,'2018-05-31 09:45:13','2018-06-13 16:54:04',NULL),(58,1,93,'暖立方','1','1',NULL,0,0,0,0,'2018-05-31 10:12:02','2018-06-08 16:09:32',NULL),(59,1,86,'舒适家居','0','0',NULL,0,0,0,0,'2018-05-31 11:13:59','2018-05-31 11:14:20','2018-05-31 11:14:20'),(60,1,115,'我是小松鼠使用者','1','1',NULL,3,0,0,0,'2018-06-06 16:21:58','2018-06-13 16:53:50',NULL),(61,1,107,'我','0','0',NULL,0,0,0,0,'2018-06-07 13:04:31','2018-06-07 13:08:57','2018-06-07 13:08:57'),(62,1,107,'啊','0','0',NULL,0,0,0,0,'2018-06-07 13:08:26','2018-06-07 13:09:00','2018-06-07 13:09:00'),(63,1,83,'11','1','1',NULL,1,0,0,0,'2018-06-07 13:09:02','2018-06-11 09:26:12','2018-06-11 09:26:12'),(64,1,83,'2222','1','1',NULL,0,0,0,0,'2018-06-07 13:20:20','2018-06-11 09:26:10','2018-06-11 09:26:10'),(65,1,83,'333','1','1',NULL,0,0,1,0,'2018-06-07 13:22:25','2018-06-11 09:26:08','2018-06-11 09:26:08'),(66,1,107,'123','0','0',NULL,0,0,0,0,'2018-06-07 13:34:13','2018-06-07 13:39:03','2018-06-07 13:39:03'),(67,1,107,'123','0','0',NULL,0,0,0,0,'2018-06-07 13:34:20','2018-06-07 13:39:07','2018-06-07 13:39:07'),(68,1,107,'123','0','0',NULL,0,0,0,0,'2018-06-07 13:34:27','2018-06-07 14:11:02','2018-06-07 14:11:02'),(69,1,107,'我啊','0','0',NULL,0,0,0,0,'2018-06-07 13:35:09','2018-06-07 16:15:18','2018-06-07 16:15:18'),(70,1,107,'123','0','0',NULL,0,0,0,0,'2018-06-07 13:35:48','2018-06-07 14:10:59','2018-06-07 14:10:59'),(71,1,107,'123','0','0',NULL,0,0,0,0,'2018-06-07 13:49:50','2018-06-07 14:10:57','2018-06-07 14:10:57'),(72,1,83,'6666','1','1',NULL,0,0,0,0,'2018-06-07 13:52:17','2018-06-11 09:26:06','2018-06-11 09:26:06'),(73,1,107,'123','0','0',NULL,0,0,0,0,'2018-06-07 13:53:57','2018-06-07 14:10:56','2018-06-07 14:10:56'),(74,1,107,'123','0','0',NULL,0,0,0,0,'2018-06-07 13:54:22','2018-06-07 14:10:54','2018-06-07 14:10:54'),(75,1,107,'123','0','0',NULL,0,0,0,0,'2018-06-07 14:03:37','2018-06-07 14:10:52','2018-06-07 14:10:52'),(76,1,107,'123','0','0',NULL,0,0,0,0,'2018-06-07 14:04:02','2018-06-07 14:10:50','2018-06-07 14:10:50'),(77,1,107,'1234','0','0',NULL,0,0,0,0,'2018-06-07 14:04:57','2018-06-07 14:10:49','2018-06-07 14:10:49'),(78,1,107,'123','0','0',NULL,0,0,0,0,'2018-06-07 14:06:21','2018-06-07 14:10:47','2018-06-07 14:10:47'),(79,1,107,'1234','0','0',NULL,0,0,0,0,'2018-06-07 14:07:22','2018-06-07 14:10:45','2018-06-07 14:10:45'),(80,1,124,'无锡爱家金河湾明装采暖','1','1',NULL,1,0,1,0,'2018-06-07 15:03:41','2018-06-11 15:56:50',NULL),(81,1,83,'3333','1','1',NULL,0,0,0,0,'2018-06-07 15:11:09','2018-06-11 09:26:04','2018-06-11 09:26:04'),(82,1,84,'好厉害','1','1',NULL,4,0,0,0,'2018-06-07 15:51:56','2018-06-13 16:53:41',NULL),(83,1,107,'哦哦哦','0','0',NULL,0,0,0,0,'2018-06-07 17:50:12','2018-06-07 17:51:08','2018-06-07 17:51:08'),(84,1,124,'地暖安装','1','1',NULL,8,2,6,0,'2018-06-07 20:29:27','2018-06-13 17:43:03',NULL),(85,1,153,'我','0','0',NULL,0,0,0,0,'2018-06-08 15:41:32','2018-06-08 16:14:26','2018-06-08 16:14:26'),(86,1,153,'好','1','1',NULL,0,0,0,0,'2018-06-08 15:51:46','2018-06-08 16:14:23','2018-06-08 16:14:23'),(87,1,153,'哦哦','0','0',NULL,0,0,0,0,'2018-06-08 16:14:14','2018-06-08 16:14:20','2018-06-08 16:14:20'),(88,1,98,'啊啊啊啊','0','0',NULL,0,0,0,0,'2018-06-10 02:44:59','2018-06-10 02:45:15','2018-06-10 02:45:15'),(89,1,161,'晒晒我明装暖暖的家','0','0',NULL,0,0,0,0,'2018-06-14 07:32:27','2018-06-14 07:33:42','2018-06-14 07:33:42'),(90,1,161,'晒晒我明装暖暖的家','0','0',NULL,0,0,0,0,'2018-06-14 07:32:42','2018-06-14 07:33:52','2018-06-14 07:33:52'),(91,1,161,'晒晒我明装暖暖的家','0','0',NULL,0,0,0,0,'2018-06-14 07:32:49','2018-06-14 07:32:49',NULL),(92,1,161,'晒晒我明装暖暖的家','0','0',NULL,0,0,0,0,'2018-06-14 07:32:59','2018-06-14 07:33:56','2018-06-14 07:33:56'),(93,1,161,'晒晒我明装暖暖的家','0','0',NULL,0,0,0,0,'2018-06-14 07:33:17','2018-06-14 07:33:47','2018-06-14 07:33:47'),(94,1,131,'参赛','0','0',NULL,0,0,0,0,'2018-06-14 10:59:09','2018-06-14 10:59:09',NULL);

#
# Structure for table "t_event_info"
#

CREATE TABLE `t_event_info` (
  `id` int(11) NOT NULL AUTO_INCREMENT,
  `ad_id` varchar(45) DEFAULT NULL,
  `name` varchar(255) DEFAULT NULL,
  `img` varchar(255) DEFAULT NULL,
  `start_time` datetime DEFAULT NULL,
  `end_time` datetime DEFAULT NULL,
  `type` varchar(45) DEFAULT '0',
  `event_status` varchar(45) DEFAULT '0',
  `seq` int(11) DEFAULT NULL,
  `status` varchar(45) DEFAULT NULL,
  `contribute_require` text COMMENT '活动投稿要求',
  `share_img` text COMMENT '分享图片',
  `created_at` datetime DEFAULT NULL,
  `updated_at` datetime DEFAULT NULL,
  `deleted_at` datetime DEFAULT NULL,
  PRIMARY KEY (`id`)
) ENGINE=InnoDB AUTO_INCREMENT=14 DEFAULT CHARSET=utf8;

#
# Data for table "t_event_info"
#

INSERT INTO `t_event_info` VALUES (1,'null','“湿腾杯”第十一届中国采暖暨舒适家居设计施工大赛','http://twst.isart.me/o_1cfa5sc78ike1u9qjes1o8o1918l.jpg','2018-05-02 05:24:21','2019-08-10 05:24:21','0','0',0,'1','填写标题，简明扼要，正文部分填写您对产品的使用感受及心得，上传产品及安装使用图片，凸显产品特点和优点，保证图片清晰。',NULL,NULL,'2018-06-07 15:11:10',NULL),(8,'null','迈能杯2016第九届中国供暖暨舒适家居设计施工大赛','http://twst.isart.me/o_1cdp3menr8kj9om1m7m1jn11r6b9.jpg','2016-01-22 00:00:00','2016-12-22 00:00:00','0','2',1,'1',NULL,NULL,'2018-05-19 15:50:12','2018-06-07 13:51:48',NULL),(9,NULL,'瑞特格杯2016首届中国明装采暖舒适家居施工大赛','http://twst.isart.me/o_1cdp516h21u2sk5i176flsj1vid9.jpg','2016-02-22 00:00:00','2017-03-22 00:00:00','0','2',3,'1','瑞特格杯2016首届中国明装采暖舒适家居施工大赛',NULL,'2018-05-19 16:13:55','2018-05-21 13:55:16',NULL),(10,'null','A.O.史密斯采暖-2017第十届中国采暖暨舒适家居设计施工大赛','http://twst.isart.me/o_1cdp52g82vl2743d911og51k9g9.jpg','2017-01-01 00:00:00','2017-12-22 00:00:00','0','2',4,'1','A.O.史密斯采暖-2017第十届中国采暖暨舒适家居设计施工大赛',NULL,'2018-05-19 16:14:39','2018-06-07 13:50:28',NULL),(11,NULL,'地暖大赛',NULL,NULL,NULL,'1','0',1,'1',NULL,NULL,'2018-05-19 21:30:40','2018-05-21 11:26:14',NULL),(13,NULL,'2017中国地暖万里行第49站(合肥)','http://twst.isart.me/o_1ce0co01b1mdst5s4oth4k1t6p9.jpg','2017-10-27 00:00:00','2017-10-27 00:00:00','0','2',2,'1','2017中国地暖万里行暨舒适家居全国巡回推广(第49站·合肥)',NULL,'2018-05-21 11:49:39','2018-05-21 13:55:25',NULL);

#
# Structure for table "t_tw_info"
#

CREATE TABLE `t_tw_info` (
  `id` int(11) NOT NULL AUTO_INCREMENT COMMENT '编号',
  `f_id` int(11) DEFAULT NULL COMMENT '父id',
  `img` text COMMENT '图片链接',
  `video` text COMMENT '视频链接',
  `text` text COMMENT '文字',
  `seq` varchar(45) DEFAULT '0',
  `created_at` datetime DEFAULT NULL COMMENT '创建时间',
  `updated_at` datetime DEFAULT NULL COMMENT '更新时间',
  `deleted_at` datetime DEFAULT NULL COMMENT '删除时间',
  PRIMARY KEY (`id`)
) ENGINE=InnoDB AUTO_INCREMENT=358 DEFAULT CHARSET=utf8 COMMENT='图文表';

#
# Data for table "t_tw_info"
#

INSERT INTO `t_tw_info` VALUES (15,18,'http://twst.isart.me/o_1cbtjpkjp182pa9u156rjte148p9.jpg',NULL,'如果你无法简洁的表达你的想法，那只说明你还不够了解它。-- 阿尔伯特·爱因斯坦如果你无法简洁的表达你的想法，那只说明你还不够了解它。-- 阿尔伯特·爱因斯坦如果你无法简洁的表达你的想法，那只说明你还不够…','0','2018-04-27 15:55:31','2018-04-27 15:55:31',NULL),(16,18,NULL,NULL,'如果你无法简洁的表达你的想法，那只说明你还不够了解它。-- 阿尔伯特·爱因斯坦如果你无法简洁的表达你的想法，那只说明你还不够了解它。-- 阿尔伯特·爱因斯坦如果你无法简洁的表达你的想法，那只说明你还不够…','0','2018-04-27 15:55:32','2018-04-27 15:55:32',NULL),(17,18,'http://twst.isart.me/o_1cbtjpkjp182pa9u156rjte148p9.jpg',NULL,NULL,'0','2018-04-27 15:55:32','2018-04-27 15:55:32',NULL),(21,19,'http://twst.isart.me/o_1cbtjpkjp182pa9u156rjte148p9.jpg',NULL,'如果你无法简洁的表达你的想法，那只说明你还不够了解它。-- 阿尔伯特·爱因斯坦如果你无法简洁的表达你的想法，那只说明你还不够了解它。-- 阿尔伯特·爱因斯坦如果你无法简洁的表达你的想法，那只说明你还不够…','0','2018-04-28 09:31:21','2018-04-28 09:31:21',NULL),(22,19,NULL,NULL,'如果你无法简洁的表达你的想法，那只说明你还不够了解它。-- 阿尔伯特·爱因斯坦如果你无法简洁的表达你的想法，那只说明你还不够了解它。-- 阿尔伯特·爱因斯坦如果你无法简洁的表达你的想法，那只说明你还不够…','0','2018-04-28 09:31:21','2018-04-28 09:31:21',NULL),(23,19,'http://twst.isart.me/o_1cbtjpkjp182pa9u156rjte148p9.jpg',NULL,NULL,'0','2018-04-28 09:31:21','2018-04-28 09:31:21',NULL),(34,28,NULL,NULL,NULL,'0','2018-05-03 09:35:22','2018-05-29 11:32:50','2018-05-29 11:32:50'),(35,29,NULL,NULL,'不是的话说的话','0','2018-05-14 14:58:39','2018-05-14 14:58:39',NULL),(36,35,'http://dsyy.isart.me/tmp/wx9c5348c77565c244.o6zAJs3FFzas02nMmUHEIaQsPMXk.V8tGptDXgvezafdb639566eac0a9af5876181627c8ae.jpg',NULL,NULL,'0','2018-05-18 11:33:23','2018-06-11 09:26:14','2018-06-11 09:26:14'),(37,35,'http://dsyy.isart.me/tmp/wx9c5348c77565c244.o6zAJs3FFzas02nMmUHEIaQsPMXk.G5jM2QQysUe3a07358d4da395081641fc5dc3fde99d6.jpg',NULL,NULL,'0','2018-05-18 11:33:23','2018-06-11 09:26:14','2018-06-11 09:26:14'),(38,35,NULL,NULL,'全场价格满1万元 立减1000  名额有限  快来报名吗？','0','2018-05-18 11:33:23','2018-06-11 09:26:14','2018-06-11 09:26:14'),(42,40,NULL,NULL,'项目地址：南京守敬路9号万达茂御湖仕家<br/>项目户型：四室两厅两卫一厨，建筑面积132㎡，采暖面积105㎡<br/>地暖系统：餐客厅用天脉远红地砖型平板地暖模块，卧室用地板型干式水地暖模块。锅炉和分水器放在厨房，混装户型地砖区免豆石水泥回填，不占层高升温快！<br/>施工单位：永真天脉远红地暖体验中心','0','2018-05-19 21:42:13','2018-05-19 21:42:13',NULL),(43,40,'http://twst.isart.me/o_1cdsa9pcf1tn010apddi114s1hs7f.jpg',NULL,NULL,'1','2018-05-19 21:44:29','2018-05-19 21:44:29',NULL),(44,40,NULL,NULL,'<br/>项目设计图：<br/>','2','2018-05-19 21:44:32','2018-05-19 21:44:41',NULL),(45,40,'http://twst.isart.me/o_1cdsaah641bggd3dtnh1mkq77pk.jpg',NULL,NULL,'3','2018-05-19 21:44:49','2018-05-19 21:44:49',NULL),(46,40,'http://twst.isart.me/o_1cdsab4ngbg0fv42v210591rfqp.jpg',NULL,NULL,'4','2018-05-19 21:45:15','2018-05-19 21:45:15',NULL),(47,40,NULL,NULL,'二、项目施工过程<br/><br/>确认地面平整度：餐客厅地砖面对地面平整度要求低，房间地板面达到铺设地板要求（平行地面对角高低差小于1.5cm，弧形地面每2米沿长落差小于0.5cm）。','5','2018-05-19 21:45:18','2018-05-19 21:45:18',NULL),(48,40,'http://twst.isart.me/o_1cdsabu29106g1gkbas31fjm130gu.jpg',NULL,NULL,'6','2018-05-19 21:45:34','2018-05-19 21:45:34',NULL),(49,40,'http://twst.isart.me/o_1cdsabu29106g1gkbas31fjm130gu.jpg',NULL,NULL,'6','2018-05-19 21:45:35','2018-05-19 21:45:35',NULL),(50,40,NULL,NULL,'餐客厅铺设地砖平板型模块，房间铺设地板型干式水地暖模块（先铺防潮垫后铺模块），用铝箔胶带粘贴模块拼缝处。','8','2018-05-19 21:45:44','2018-05-19 21:45:44',NULL),(51,40,'http://twst.isart.me/o_1cdsacgkvuhoi5e488mcf1c7f13.jpg',NULL,NULL,'9','2018-05-19 21:45:53','2018-05-19 21:45:53',NULL),(52,40,NULL,NULL,'在进门处、落地窗等不能安装踢脚线场合和不够服帖模块用少量发泡剂粘接地面，过门处预留空间用于水泥抹灰填充。<br/><br/>餐客厅地砖区大面积采用回型盘管方式，用卡钉固定地暖管：','10','2018-05-19 21:46:00','2018-05-19 21:46:00',NULL),(53,40,'http://twst.isart.me/o_1cdsad26b1flpce91gei3c1s0q18.jpg',NULL,NULL,'11','2018-05-19 21:46:12','2018-05-19 21:46:12',NULL),(54,40,NULL,NULL,'卫生间采用小单S盘管，避免窜水隐患。','12','2018-05-19 21:46:19','2018-05-19 21:46:19',NULL),(55,40,'http://twst.isart.me/o_1cdsadg0c1dajnuardncv4ii41d.jpg',NULL,NULL,'13','2018-05-19 21:46:25','2018-05-19 21:46:25',NULL),(56,40,NULL,NULL,'房间地板区大于14㎡采用双S盘管，14㎡以下采用单S盘管，平衡水阻力。','14','2018-05-19 21:46:33','2018-05-19 21:46:33',NULL),(57,40,'http://twst.isart.me/o_1cdsadsta1uaf1ln89i21bmt1nma1i.jpg',NULL,NULL,'15','2018-05-19 21:46:39','2018-05-19 21:46:39',NULL),(58,40,NULL,NULL,'盘管完成后按常规试压，压力表长期保压。装潢线管沿墙根明装，墙根过管区用水泥抹平与模块表面持平。','16','2018-05-19 21:46:46','2018-05-19 21:46:46',NULL),(59,40,'http://twst.isart.me/o_1cdsaef91d9p31qc7c5po1v6k1n.jpg',NULL,NULL,'17','2018-05-19 21:46:58','2018-05-19 21:46:58',NULL),(60,40,'http://twst.isart.me/o_1cdsaeqg479pnbs69n1uad173m1s.jpg',NULL,NULL,'18','2018-05-19 21:47:09','2018-05-19 21:47:09',NULL),(61,40,NULL,NULL,'地暖管汇集区采用平板模块过渡，间距不小于5cm。','19','2018-05-19 21:47:16','2018-05-19 21:47:16',NULL),(62,40,'http://twst.isart.me/o_1cdsafbbj1tek1tf59j4dp316bs21.jpg',NULL,NULL,'20','2018-05-19 21:47:26','2018-05-19 21:47:26',NULL),(63,40,NULL,NULL,'模块表面直接贴砖和铺地板：地砖区水泥粘接层按标准不低于3公分贴砖，免去豆石水泥回填，不影响层高。','21','2018-05-19 21:47:34','2018-05-19 21:47:34',NULL),(64,40,'http://twst.isart.me/o_1cdsafrne18q91ffk1dtl18ig1n9s26.jpg',NULL,NULL,'22','2018-05-19 21:47:43','2018-05-19 21:47:43',NULL),(65,40,'http://twst.isart.me/o_1cdsag59eqon135f121bpaj6ve2b.jpg',NULL,NULL,'23','2018-05-19 21:47:53','2018-05-19 21:47:53',NULL),(66,40,NULL,NULL,'厨房锅炉安装与净水设备：','24','2018-05-19 21:47:59','2018-05-19 21:47:59',NULL),(67,40,'http://twst.isart.me/o_1cdsagig21tj71nnmkpd1s3ll7m2g.jpg',NULL,NULL,'25','2018-05-19 21:48:07','2018-05-19 21:48:07',NULL),(68,40,NULL,NULL,'装修完工效果图：','26','2018-05-19 21:48:16','2018-05-19 21:48:16',NULL),(69,40,'http://twst.isart.me/o_1cdsah8711qnit459vjgkejl2l.jpg',NULL,NULL,'27','2018-05-19 21:48:35','2018-05-19 21:48:35',NULL),(70,40,NULL,NULL,'天脉远红干式地暖省层高.省费用.效果好！<br/>contact us 联系我们<br/>永真天脉远红地暖体验中心<br/>地址：句容市宝华镇欢乐购家居广场A1馆一楼前排18-20号<br/>电话：15365193409、13851636008','28','2018-05-19 21:48:39','2018-05-19 21:48:39',NULL),(71,41,'http://dsyy.isart.me/tmp/wx9c5348c77565c244.o6zAJs5w-teKYesZrf8o5jEN3E_c.STSsJu5u9yhfd003ad89d592bdc4e2c479c5c8242176.jpg',NULL,NULL,'0','2018-05-20 09:45:58','2018-05-20 09:52:29','2018-05-20 09:52:29'),(72,41,'http://dsyy.isart.me/tmp/wx9c5348c77565c244.o6zAJs5w-teKYesZrf8o5jEN3E_c.k0WjRAYHXl2Od003ad89d592bdc4e2c479c5c8242176.jpg',NULL,NULL,'0','2018-05-20 09:45:58','2018-05-20 09:52:29','2018-05-20 09:52:29'),(73,41,'http://dsyy.isart.me/tmp/wx9c5348c77565c244.o6zAJs5w-teKYesZrf8o5jEN3E_c.5Em4qPPZbH1Pd003ad89d592bdc4e2c479c5c8242176.jpg',NULL,NULL,'0','2018-05-20 09:45:58','2018-05-20 09:52:29','2018-05-20 09:52:29'),(74,41,NULL,NULL,'dsfsadfds大师法撒旦法第三发sfasfasd沙发斯蒂芬sda撒打发斯蒂芬撒旦法师撒旦法师法撒','0','2018-05-20 09:45:58','2018-05-20 09:52:29','2018-05-20 09:52:29'),(75,41,'http://dsyy.isart.me/tmp/wx9c5348c77565c244.o6zAJs5w-teKYesZrf8o5jEN3E_c.STSsJu5u9yhfd003ad89d592bdc4e2c479c5c8242176.jpg',NULL,NULL,'0','2018-05-20 09:52:29','2018-05-20 09:52:53','2018-05-20 09:52:53'),(76,41,'http://dsyy.isart.me/tmp/wx9c5348c77565c244.o6zAJs5w-teKYesZrf8o5jEN3E_c.k0WjRAYHXl2Od003ad89d592bdc4e2c479c5c8242176.jpg',NULL,NULL,'0','2018-05-20 09:52:29','2018-05-20 09:52:53','2018-05-20 09:52:53'),(77,41,'http://dsyy.isart.me/tmp/wx9c5348c77565c244.o6zAJs5w-teKYesZrf8o5jEN3E_c.5Em4qPPZbH1Pd003ad89d592bdc4e2c479c5c8242176.jpg',NULL,NULL,'0','2018-05-20 09:52:29','2018-05-20 09:52:53','2018-05-20 09:52:53'),(78,41,'http://dsyy.isart.me/tmp/wx9c5348c77565c244.o6zAJs5w-teKYesZrf8o5jEN3E_c.EaNDnHmstttA19da0b08e1ffb891c41bf19fd9c6b279.jpg',NULL,NULL,'0','2018-05-20 09:52:29','2018-05-20 09:52:53','2018-05-20 09:52:53'),(79,41,NULL,NULL,'333dsfsadfds大师法撒旦法第三发sfasfasd沙发斯蒂芬sda撒打发斯蒂芬撒旦法师撒旦法师法撒','0','2018-05-20 09:52:29','2018-05-20 09:52:53','2018-05-20 09:52:53'),(80,43,NULL,NULL,'111','0','2018-05-20 10:00:00','2018-05-20 10:00:00',NULL),(81,43,NULL,NULL,'222','1','2018-05-20 10:00:02','2018-05-20 10:00:02',NULL),(82,43,'http://twst.isart.me/o_1cdtkks4482e4t5hldmj233of.jpg',NULL,NULL,'2','2018-05-20 10:00:09','2018-05-20 10:00:09',NULL),(83,44,'http://dsyy.isart.me/tmp_98707949afb314301c1a0fe920c60b8c0379ec390431dbef.jpg',NULL,NULL,'0','2018-05-21 11:56:50','2018-05-21 11:56:50',NULL),(84,44,'http://dsyy.isart.me/tmp_3989c540cdfe863aeb8f1d3a4e6ba8dccb18adf8adbb5e52.jpg',NULL,NULL,'0','2018-05-21 11:56:50','2018-05-21 11:56:50',NULL),(85,44,NULL,NULL,'舒适家居设计大赛终于开赛了','0','2018-05-21 11:56:50','2018-05-21 11:56:50',NULL),(86,46,NULL,NULL,'苏州园林式别墅电地暖铺设项目概况：<br/>地址：苏州西山金庭镇自建园林式别墅<br/>电地暖主材：安奈林双导发热电缆<br/>辅材：3公分厚保温板、PET镜面反射膜、硅晶网、卡钉、边角保温条<br/>下面上图','0','2018-05-21 21:22:01','2018-05-21 21:22:01',NULL),(87,46,'http://twst.isart.me/o_1ce1drahpl66af7fe66b33jnf.jpg',NULL,NULL,'1','2018-05-21 21:22:42','2018-05-21 21:22:42',NULL),(88,46,NULL,NULL,'电地暖安装发热电缆铺设案例 (2).jpg','2','2018-05-21 21:23:12','2018-05-21 21:23:12',NULL),(89,46,'http://twst.isart.me/o_1ce1dstfu146e15v71hf11aac1082k.jpg',NULL,NULL,'3','2018-05-21 21:23:31','2018-05-21 21:23:31',NULL),(90,46,NULL,NULL,'电地暖安装发热电缆铺设案例 (3).jpg','4','2018-05-21 21:25:58','2018-05-21 21:25:58',NULL),(91,46,'http://twst.isart.me/o_1ce1e1una1fl8be91fpp5iv1ouhp.jpg',NULL,NULL,'5','2018-05-21 21:26:17','2018-05-21 21:26:17',NULL),(92,46,NULL,NULL,'电地暖安装发热电缆铺设案例 (4).jpg','6','2018-05-21 21:26:32','2018-05-21 21:26:32',NULL),(93,46,'http://twst.isart.me/o_1ce1e33468p4r9c7t7ntmpvmu.jpg',NULL,NULL,'7','2018-05-21 21:26:55','2018-05-21 21:26:55',NULL),(94,46,NULL,NULL,'电地暖安装发热电缆铺设案例 (5).jpg','8','2018-05-21 21:27:10','2018-05-21 21:27:10',NULL),(95,46,'http://twst.isart.me/o_1ce1e49mv1prs5lm11s9es7iv113.jpg',NULL,NULL,'9','2018-05-21 21:27:34','2018-05-21 21:27:34',NULL),(96,46,NULL,NULL,'结束','16','2018-05-21 21:54:01','2018-05-21 21:55:08','2018-05-21 21:55:08'),(97,47,'http://dsyy.isart.me/tmp_a85908e3b5ec0c772f2b569f3548d815.jpg',NULL,NULL,'0','2018-05-28 15:03:51','2018-05-28 15:03:51',NULL),(98,47,'http://dsyy.isart.me/tmp_a7d38d6f6e4d12c25846f9c0ff8509c0.jpg',NULL,NULL,'0','2018-05-28 15:03:51','2018-05-28 15:03:51',NULL),(99,47,'http://dsyy.isart.me/tmp_b95dbcae65bcb9738d2093cb6197c682.jpg',NULL,NULL,'0','2018-05-28 15:03:51','2018-05-28 15:03:51',NULL),(100,47,'http://dsyy.isart.me/tmp_f189eb89498809309219346a31c9abef.jpg',NULL,NULL,'0','2018-05-28 15:03:51','2018-05-28 15:03:51',NULL),(101,47,'http://dsyy.isart.me/tmp_e8d0ef70e8e07128ad21e653556e0be3.jpg',NULL,NULL,'0','2018-05-28 15:03:51','2018-05-28 15:03:51',NULL),(102,47,'http://dsyy.isart.me/tmp_f5403c2db3f6158bca5baf94c452d544.jpg',NULL,NULL,'0','2018-05-28 15:03:51','2018-05-28 15:03:51',NULL),(103,47,'http://dsyy.isart.me/tmp_a8add776cf9305fd98ff48a57b789228.jpg',NULL,NULL,'0','2018-05-28 15:03:51','2018-05-28 15:03:51',NULL),(104,47,'http://dsyy.isart.me/tmp_60d759408ef9eaf1dea9bebd6a34136a.jpg',NULL,NULL,'0','2018-05-28 15:03:51','2018-05-28 15:03:51',NULL),(105,47,'http://dsyy.isart.me/tmp_1228bc2b70d503e020adcbf271f69875.jpg',NULL,NULL,'0','2018-05-28 15:03:51','2018-05-28 15:03:51',NULL),(106,47,'http://dsyy.isart.me/tmp_9555049c650faa3f53e6e792418c2754.jpg',NULL,NULL,'0','2018-05-28 15:03:51','2018-05-28 15:03:51',NULL),(107,47,'http://dsyy.isart.me/tmp_580f81482e5647636bff6eb86403693d.jpg',NULL,NULL,'0','2018-05-28 15:03:51','2018-05-28 15:03:51',NULL),(108,47,'http://dsyy.isart.me/tmp_e8c3ee2e9f8bbfa345fb406cd1c7edb0.jpg',NULL,NULL,'0','2018-05-28 15:03:51','2018-05-28 15:03:51',NULL),(109,47,NULL,NULL,'中国明装采暖先锋论坛合肥站','0','2018-05-28 15:03:51','2018-05-28 15:03:51',NULL),(110,48,'http://dsyy.isart.me/tmp_7ec4d913a82af1038963a7436e08d9e4.jpg',NULL,NULL,'0','2018-05-29 11:32:55','2018-05-29 11:35:51','2018-05-29 11:35:51'),(111,48,NULL,NULL,'1.来到暖通门店\n2.准备设备，壁挂炉，暖气片，控制阀，管道，外墙线槽\n3施工过程\n4.施工效果','0','2018-05-29 11:32:55','2018-05-29 11:35:51','2018-05-29 11:35:51'),(112,48,'http://dsyy.isart.me/tmp_9958655c1cadf9e666a8ff9a5faf6766.jpg',NULL,NULL,'0','2018-05-29 11:35:51','2018-05-29 11:40:44','2018-05-29 11:40:44'),(113,48,'http://dsyy.isart.me/tmp_46a4e2cb3f16f2c294329951697e635b.jpg',NULL,NULL,'0','2018-05-29 11:35:51','2018-05-29 11:40:44','2018-05-29 11:40:44'),(114,48,'http://dsyy.isart.me/tmp_09b53b7046071826ace7e8d5bcf42aad.jpg',NULL,NULL,'0','2018-05-29 11:35:51','2018-05-29 11:40:44','2018-05-29 11:40:44'),(115,48,NULL,NULL,'1.来到暖通门店\n2.准备设备，壁挂炉，暖气片，控制阀，管道，外墙线槽\n3施工过程\n4.施工效果','0','2018-05-29 11:35:51','2018-05-29 11:40:44','2018-05-29 11:40:44'),(116,48,'http://dsyy.isart.me/tmp_4645af03315b84dc29cfcf520225c312.jpg',NULL,NULL,'0','2018-05-29 11:40:44','2018-05-29 11:54:43','2018-05-29 11:54:43'),(117,48,NULL,NULL,'1.来到暖通门店\n2.准备设备，管道，反热膜等\n3施工过程\n4.施工效果','0','2018-05-29 11:40:44','2018-05-29 11:54:43','2018-05-29 11:54:43'),(118,48,'http://dsyy.isart.me/tmp_4645af03315b84dc29cfcf520225c312.jpg',NULL,NULL,'0','2018-05-29 11:54:43','2018-05-29 11:58:28','2018-05-29 11:58:28'),(119,48,NULL,NULL,'首先当然是先要买材料，找施工队，我真的是废了很多时间找了一个靠谱的施工队，也找到了不错的材料，可以算是功夫不负有心人吧，而且材料是真的很沉，明天，施工队就要来安装了，期待中。\n施工队约到了上午10点，施工队很准时，由于我提前把材料等都准备好了，所以施工队来了就可以开工了，他们首先先扫了一下灰，找平，然后就把反热膜铺上，我觉得他们的工作还是很顺利的，而且时间也很短，可以说是不错的施工队，效率很高，以后他们就开始铺设地暖管，也是一样的顺利，而且管子的很有规律，不会乱，','0','2018-05-29 11:54:43','2018-05-29 11:58:28','2018-05-29 11:58:28'),(120,48,'http://dsyy.isart.me/tmp_f0951de4e4bec675dd174d1bd73f4733.jpg',NULL,NULL,'0','2018-05-29 11:58:28','2018-05-29 12:53:43','2018-05-29 12:53:43'),(121,48,'http://dsyy.isart.me/tmp_af0c0fdcf3100d9a304b10cd358100a2.jpg',NULL,NULL,'0','2018-05-29 11:58:28','2018-05-29 12:53:43','2018-05-29 12:53:43'),(122,48,'http://dsyy.isart.me/tmp_c2cb0d08453fe5d818cee775597f37f8.jpg',NULL,NULL,'0','2018-05-29 11:58:28','2018-05-29 12:53:43','2018-05-29 12:53:43'),(123,48,'http://dsyy.isart.me/tmp_1044ed0245b7fdbab50cfa0d834bddd3.jpg',NULL,NULL,'0','2018-05-29 11:58:28','2018-05-29 12:53:43','2018-05-29 12:53:43'),(124,48,'http://dsyy.isart.me/tmp_532e444708728c896665936c4032865b.jpg',NULL,NULL,'0','2018-05-29 11:58:28','2018-05-29 12:53:43','2018-05-29 12:53:43'),(125,48,'http://dsyy.isart.me/tmp_20fe5b9a7de90372a328985adeb63f47.jpg',NULL,NULL,'0','2018-05-29 11:58:28','2018-05-29 12:53:43','2018-05-29 12:53:43'),(126,48,NULL,NULL,'首先当然是先要买材料，找施工队，我真的是废了很多时间找了一个靠谱的施工队，也找到了不错的材料，可以算是功夫不负有心人吧，而且材料是真的很沉，明天，施工队就要来安装了，期待中。\n施工队约到了上午10点，施工队很准时，由于我提前把材料等都准备好了，所以施工队来了就可以开工了，他们首先先扫了一下灰，找平，然后就把反热膜铺上，我觉得他们的工作还是很顺利的，而且时间也很短，可以说是不错的施工队，效率很高，以后他们就开始铺设地暖管，也是一样的顺利，而且管子的很有规律，不会乱，施工的感受还是不错的，铺设管子也用时不久，很顺利，整体来说是一个不错的体验，稍后我又约了去地板的，完成之后觉得很赞，下面给大家看下我安装地暖过程的图片','0','2018-05-29 11:58:28','2018-05-29 12:53:43','2018-05-29 12:53:43'),(127,48,'http://dsyy.isart.me/tmp_4b74052f01267ced6abcd173179ad6d6.jpg',NULL,NULL,'0','2018-05-29 12:53:43','2018-05-29 12:59:25','2018-05-29 12:59:25'),(128,48,'http://dsyy.isart.me/tmp_fdd3ce65fce86b7e42df37b77e3b06cf.jpg',NULL,NULL,'0','2018-05-29 12:53:43','2018-05-29 12:59:25','2018-05-29 12:59:25'),(129,48,'http://dsyy.isart.me/tmp_e698b77311391d90cd8b0ddfebc80e02.jpg',NULL,NULL,'0','2018-05-29 12:53:43','2018-05-29 12:59:25','2018-05-29 12:59:25'),(130,48,'http://dsyy.isart.me/tmp_913c97cdf285e8468656a414a756c1c1.jpg',NULL,NULL,'0','2018-05-29 12:53:43','2018-05-29 12:59:25','2018-05-29 12:59:25'),(131,48,'http://dsyy.isart.me/tmp_e726a50b19a040c7a5254713f0bffe8c.jpg',NULL,NULL,'0','2018-05-29 12:53:43','2018-05-29 12:59:25','2018-05-29 12:59:25'),(132,48,'http://dsyy.isart.me/tmp_5199bfd5d87c791acc950bac5e40e4d3.jpg',NULL,NULL,'0','2018-05-29 12:53:43','2018-05-29 12:59:25','2018-05-29 12:59:25'),(133,48,'http://dsyy.isart.me/tmp_022367f49830cfcf3a15f753106cd3b4.jpg',NULL,NULL,'0','2018-05-29 12:53:43','2018-05-29 12:59:25','2018-05-29 12:59:25'),(134,48,NULL,NULL,'首先当然是先要买材料，找施工队，我真的是废了很多时间找了一个靠谱的施工队，也找到了不错的材料，可以算是功夫不负有心人吧，而且材料是真的很沉，明天，施工队就要来安装了，期待中。\n施工队约到了上午10点，施工队很准时，由于我提前把材料等都准备好了，所以施工队来了就可以开工了，他们首先先扫了一下灰，找平，然后就把反热膜铺上，我觉得他们的工作还是很顺利的，而且时间也很短，可以说是不错的施工队，效率很高，以后他们就开始铺设地暖管，也是一样的顺利，而且管子的很有规律，不会乱，施工的感受还是不错的，铺设管子也用时不久，很顺利，整体来说是一个不错的体验，稍后我又约了去地板的，完成之后觉得很赞，下面给大家看下我安装地暖过程的图片','0','2018-05-29 12:53:43','2018-05-29 12:59:25','2018-05-29 12:59:25'),(135,48,'http://dsyy.isart.me/tmp_4b74052f01267ced6abcd173179ad6d6.jpg',NULL,NULL,'0','2018-05-29 12:59:25','2018-05-29 12:59:25',NULL),(136,48,'http://dsyy.isart.me/tmp_fdd3ce65fce86b7e42df37b77e3b06cf.jpg',NULL,NULL,'0','2018-05-29 12:59:25','2018-05-29 12:59:25',NULL),(137,48,'http://dsyy.isart.me/tmp_e698b77311391d90cd8b0ddfebc80e02.jpg',NULL,NULL,'0','2018-05-29 12:59:25','2018-05-29 12:59:25',NULL),(138,48,'http://dsyy.isart.me/tmp_913c97cdf285e8468656a414a756c1c1.jpg',NULL,NULL,'0','2018-05-29 12:59:25','2018-05-29 12:59:25',NULL),(139,48,'http://dsyy.isart.me/tmp_e726a50b19a040c7a5254713f0bffe8c.jpg',NULL,NULL,'0','2018-05-29 12:59:25','2018-05-29 12:59:25',NULL),(140,48,'http://dsyy.isart.me/tmp_5199bfd5d87c791acc950bac5e40e4d3.jpg',NULL,NULL,'0','2018-05-29 12:59:25','2018-05-29 12:59:25',NULL),(141,48,'http://dsyy.isart.me/tmp_022367f49830cfcf3a15f753106cd3b4.jpg',NULL,NULL,'0','2018-05-29 12:59:25','2018-05-29 12:59:25',NULL),(142,48,NULL,NULL,'首先当然是先要买材料，找施工队，我真的是费了很多时间找了一个靠谱的施工队，也找到了不错的材料，可以算是功夫不负有心人吧，明天，施工队就要来安装了，期待中。\n施工队约到了上午10点，施工队很准时，由于我提前把材料等都准备好了，所以施工队来了就可以开工了，他们首先先扫了一下灰，找平，然后就把反热膜铺上，我觉得他们的工作还是很顺利的，而且时间也很短，可以说是不错的施工队，效率很高，以后他们就开始铺设地暖管，也是一样的顺利，而且管子的很有规律，不会乱，施工的感受还是不错的，铺设管子也用时不久，很顺利，整体来说是一个不错的体验，稍后我又约了去地板的，完成之后觉得很赞，下面给大家看下我安装地暖过程的图片','0','2018-05-29 12:59:25','2018-05-29 12:59:25',NULL),(143,49,'http://dsyy.isart.me/tmp_cf735260e6217eb5f55ef5f495120772.jpg',NULL,NULL,'0','2018-05-29 13:30:49','2018-05-29 13:36:30','2018-05-29 13:36:30'),(144,49,NULL,NULL,'1','0','2018-05-29 13:30:49','2018-05-29 13:36:30','2018-05-29 13:36:30'),(145,49,'http://dsyy.isart.me/tmp_cf735260e6217eb5f55ef5f495120772.jpg',NULL,NULL,'0','2018-05-29 13:36:30','2018-05-29 13:39:45','2018-05-29 13:39:45'),(146,49,'http://dsyy.isart.me/tmp_8b0d9985e0e0574643f824b11875a03b.jpg',NULL,NULL,'0','2018-05-29 13:36:30','2018-05-29 13:39:45','2018-05-29 13:39:45'),(147,49,'http://dsyy.isart.me/tmp_f0f6173507f2546989f4478424925fd5.jpg',NULL,NULL,'0','2018-05-29 13:36:30','2018-05-29 13:39:45','2018-05-29 13:39:45'),(148,49,NULL,NULL,'自从去了邻居家，知道了暖气的好处，回家以后就也想安装，先是做了一些了解，之后去了门店买了材料，壁挂炉，管道，暖气片，阀门什么的，原来还怕装了暖气会影响美观，后来发现暖气片很好看，一点也不会影响，然后约了安装暖气的人员前来安装，时间也非常快，基本不费什么时间，感觉非常好，而且装修师傅告诉我，2个小时温度就会上来了，下面给大家上图','0','2018-05-29 13:36:30','2018-05-29 13:39:45','2018-05-29 13:39:45'),(149,49,'http://dsyy.isart.me/tmp_cf735260e6217eb5f55ef5f495120772.jpg',NULL,NULL,'0','2018-05-29 13:39:45','2018-05-29 15:09:54','2018-05-29 15:09:54'),(150,49,'http://dsyy.isart.me/tmp_8b0d9985e0e0574643f824b11875a03b.jpg',NULL,NULL,'0','2018-05-29 13:39:45','2018-05-29 15:09:54','2018-05-29 15:09:54'),(151,49,'http://dsyy.isart.me/tmp_f0f6173507f2546989f4478424925fd5.jpg',NULL,NULL,'0','2018-05-29 13:39:45','2018-05-29 15:09:54','2018-05-29 15:09:54'),(152,49,'http://dsyy.isart.me/tmp_2f67a7ec25bba051d942aa43b6ce4305.jpg',NULL,NULL,'0','2018-05-29 13:39:45','2018-05-29 15:09:54','2018-05-29 15:09:54'),(153,49,'http://dsyy.isart.me/tmp_b93ccbbb047797d60273d7be39f47e30.jpg',NULL,NULL,'0','2018-05-29 13:39:45','2018-05-29 15:09:54','2018-05-29 15:09:54'),(154,49,'http://dsyy.isart.me/tmp_013b9c3b05ae497cd80443cf7045f2dd.jpg',NULL,NULL,'0','2018-05-29 13:39:45','2018-05-29 15:09:54','2018-05-29 15:09:54'),(155,49,NULL,NULL,'自从去了邻居家，知道了暖气的好处，回家以后就也想安装，先是做了一些了解，之后去了门店买了材料，壁挂炉，管道，暖气片，阀门什么的，原来还怕装了暖气会影响美观，后来发现暖气片很好看，一点也不会影响，然后约了安装暖气的人员前来安装，时间也非常快，基本不费什么时间，感觉非常好，而且装修师傅告诉我，2个小时温度就会上来了，下面给大家上图','0','2018-05-29 13:39:45','2018-05-29 15:09:54','2018-05-29 15:09:54'),(156,49,'http://dsyy.isart.me/tmp_cf735260e6217eb5f55ef5f495120772.jpg',NULL,NULL,'0','2018-05-29 15:09:54','2018-05-29 16:17:20','2018-05-29 16:17:20'),(157,49,'http://dsyy.isart.me/tmp_8b0d9985e0e0574643f824b11875a03b.jpg',NULL,NULL,'0','2018-05-29 15:09:54','2018-05-29 16:17:20','2018-05-29 16:17:20'),(158,49,'http://dsyy.isart.me/tmp_f0f6173507f2546989f4478424925fd5.jpg',NULL,NULL,'0','2018-05-29 15:09:54','2018-05-29 16:17:20','2018-05-29 16:17:20'),(159,49,'http://dsyy.isart.me/tmp_2f67a7ec25bba051d942aa43b6ce4305.jpg',NULL,NULL,'0','2018-05-29 15:09:54','2018-05-29 16:17:20','2018-05-29 16:17:20'),(160,49,'http://dsyy.isart.me/tmp_b93ccbbb047797d60273d7be39f47e30.jpg',NULL,NULL,'0','2018-05-29 15:09:54','2018-05-29 16:17:20','2018-05-29 16:17:20'),(161,49,'http://dsyy.isart.me/tmp_013b9c3b05ae497cd80443cf7045f2dd.jpg',NULL,NULL,'0','2018-05-29 15:09:54','2018-05-29 16:17:20','2018-05-29 16:17:20'),(162,49,NULL,NULL,'自从去了邻居家，知道了暖气的好处，回家以后就也想安装，先是做了一些了解，之后去了门店买了材料，壁挂炉，管道，暖气片，阀门什么的，原来还怕装了暖气会影响美观，后来发现暖气片很好看，一点也不会影响，然后约了安装暖气的人员前来安装，安装也很好操作，时间也非常快，基本不费什么时间，感觉非常好，而且装修师傅告诉我，2个小时温度就会上来了，终于冬天在家不会感到寒冷了，下面给大家上图','0','2018-05-29 15:09:54','2018-05-29 16:17:20','2018-05-29 16:17:20'),(163,49,'http://dsyy.isart.me/tmp_cf735260e6217eb5f55ef5f495120772.jpg',NULL,NULL,'0','2018-05-29 16:17:20','2018-05-29 16:17:20',NULL),(164,49,'http://dsyy.isart.me/tmp_8b0d9985e0e0574643f824b11875a03b.jpg',NULL,NULL,'0','2018-05-29 16:17:20','2018-05-29 16:17:20',NULL),(165,49,'http://dsyy.isart.me/tmp_f0f6173507f2546989f4478424925fd5.jpg',NULL,NULL,'0','2018-05-29 16:17:20','2018-05-29 16:17:20',NULL),(166,49,'http://dsyy.isart.me/tmp_2f67a7ec25bba051d942aa43b6ce4305.jpg',NULL,NULL,'0','2018-05-29 16:17:20','2018-05-29 16:17:20',NULL),(167,49,'http://dsyy.isart.me/tmp_b93ccbbb047797d60273d7be39f47e30.jpg',NULL,NULL,'0','2018-05-29 16:17:20','2018-05-29 16:17:20',NULL),(168,49,'http://dsyy.isart.me/tmp_013b9c3b05ae497cd80443cf7045f2dd.jpg',NULL,NULL,'0','2018-05-29 16:17:20','2018-05-29 16:17:20',NULL),(169,49,NULL,NULL,'自从去了邻居家，知道了暖气的好处，回家以后就也想安装，先是做了一些了解，之后去了门店买了材料，壁挂炉，管道，暖气片，阀门什么的，原来还怕装了暖气会影响美观，后来发现暖气片很好看，一点也不会影响，然后约了安装暖气的人员前来安装，安装也很好操作，时间也非常快，基本不费什么时间，感觉非常好，而且装修师傅告诉我，2个小时温度就会上来了，终于冬天在家不会感到寒冷了，下面给大家上图','0','2018-05-29 16:17:20','2018-05-29 16:17:20',NULL),(170,50,'http://dsyy.isart.me/tmp_def6454044365e7ed56b5b71eb382278.jpg',NULL,NULL,'0','2018-05-29 16:18:27','2018-05-29 16:22:47','2018-05-29 16:22:47'),(171,50,'http://dsyy.isart.me/tmp_60863f43573450c731648f7178aa429b.jpg',NULL,NULL,'0','2018-05-29 16:18:27','2018-05-29 16:22:47','2018-05-29 16:22:47'),(172,50,'http://dsyy.isart.me/tmp_c0c5147b39bd02a6ac7969f0c2d992be.jpg',NULL,NULL,'0','2018-05-29 16:18:27','2018-05-29 16:22:47','2018-05-29 16:22:47'),(173,50,'http://dsyy.isart.me/tmp_ef9c4754ceea6877b4a132f85246317c.jpg',NULL,NULL,'0','2018-05-29 16:18:27','2018-05-29 16:22:47','2018-05-29 16:22:47'),(174,50,'http://dsyy.isart.me/tmp_78053047a2c9f38b96d8511939e7419e.jpg',NULL,NULL,'0','2018-05-29 16:18:27','2018-05-29 16:22:47','2018-05-29 16:22:47'),(175,50,'http://dsyy.isart.me/tmp_33f791419bdf291e91ae9fb3920f2577.jpg',NULL,NULL,'0','2018-05-29 16:18:27','2018-05-29 16:22:47','2018-05-29 16:22:47'),(176,50,NULL,NULL,'跟暖气片比起来，地暖安装施工期较长。不过，为了我们一家老小的温暖生活，短暂的等待也是值得的。亲眼看着师傅从刚开始的地面基础找平，铺设地面保温系统，地暖专用反射膜的铺设，再到卡丁、管道的施工，和一些配件，比如分、集水器，保温管的安装。最后的填层竣工。深感地暖施工的不易。总之，我们家终于装上了地暖。再也不用在寒冬里冻成狗了！','0','2018-05-29 16:18:27','2018-05-29 16:22:47','2018-05-29 16:22:47'),(177,50,'http://dsyy.isart.me/tmp_def6454044365e7ed56b5b71eb382278.jpg',NULL,NULL,'0','2018-05-29 16:22:47','2018-05-30 09:18:42','2018-05-30 09:18:42'),(178,50,'http://dsyy.isart.me/tmp_60863f43573450c731648f7178aa429b.jpg',NULL,NULL,'0','2018-05-29 16:22:47','2018-05-30 09:18:42','2018-05-30 09:18:42'),(179,50,'http://dsyy.isart.me/tmp_c0c5147b39bd02a6ac7969f0c2d992be.jpg',NULL,NULL,'0','2018-05-29 16:22:47','2018-05-30 09:18:42','2018-05-30 09:18:42'),(180,50,'http://dsyy.isart.me/tmp_ef9c4754ceea6877b4a132f85246317c.jpg',NULL,NULL,'0','2018-05-29 16:22:48','2018-05-30 09:18:42','2018-05-30 09:18:42'),(181,50,'http://dsyy.isart.me/tmp_78053047a2c9f38b96d8511939e7419e.jpg',NULL,NULL,'0','2018-05-29 16:22:48','2018-05-30 09:18:42','2018-05-30 09:18:42'),(182,50,'http://dsyy.isart.me/tmp_33f791419bdf291e91ae9fb3920f2577.jpg',NULL,NULL,'0','2018-05-29 16:22:48','2018-05-30 09:18:42','2018-05-30 09:18:42'),(183,50,NULL,NULL,'跟暖气片比起来，地暖安装施工期较长。不过，为了我们一家老小的温暖生活，短暂的等待也是值得的。亲眼看着师傅从刚开始的地面基础找平，铺设地面保温系统，地暖专用反射膜的铺设，再到卡丁、管道的施工，和一些配件，比如分、集水器，保温管的安装。到最后的填层竣工。深感地暖施工的不易。总之，我们家终于装上了地暖。再也不用在寒冬里冻成狗了！','0','2018-05-29 16:22:48','2018-05-30 09:18:42','2018-05-30 09:18:42'),(184,51,'http://dsyy.isart.me/tmp_01b60439263ec12bbbda9cbc5e1e2a2064279a771978ea11.jpg',NULL,NULL,'0','2018-05-30 05:42:20','2018-05-30 06:27:48','2018-05-30 06:27:48'),(185,51,'http://dsyy.isart.me/tmp_179448cb88880ca57fcf49065401d374d4a712246beb810a.jpg',NULL,NULL,'0','2018-05-30 05:42:20','2018-05-30 06:27:48','2018-05-30 06:27:48'),(186,51,'http://dsyy.isart.me/tmp_db6e4a35c7313d6b390305aec9482f92c813cd8fa17af43e.jpg',NULL,NULL,'0','2018-05-30 05:42:20','2018-05-30 06:27:48','2018-05-30 06:27:48'),(187,51,'http://dsyy.isart.me/tmp_a52ba4e1bed2a61dc38b3cbc22f567c5b87b30033d7a80e6.jpg',NULL,NULL,'0','2018-05-30 05:42:20','2018-05-30 06:27:48','2018-05-30 06:27:48'),(188,51,'http://dsyy.isart.me/tmp_4e80c570a259ee0452112abe8681f83fda50d2c71da24580.jpg',NULL,NULL,'0','2018-05-30 05:42:20','2018-05-30 06:27:48','2018-05-30 06:27:48'),(189,51,'http://dsyy.isart.me/tmp_a2c49c3d146c2586e46d9ff4d9e2d9d92181877983d5c519.jpg',NULL,NULL,'0','2018-05-30 05:42:20','2018-05-30 06:27:48','2018-05-30 06:27:48'),(190,51,'http://dsyy.isart.me/tmp_a8a419ebb045fce04154f6bef09816b30fa835d819216eeb.jpg',NULL,NULL,'0','2018-05-30 05:42:20','2018-05-30 06:27:48','2018-05-30 06:27:48'),(191,51,'http://dsyy.isart.me/tmp_0b7ff990554d8408da15bd38a00f02616ba818088be0e407.jpg',NULL,NULL,'0','2018-05-30 05:42:20','2018-05-30 06:27:48','2018-05-30 06:27:48'),(192,51,'http://dsyy.isart.me/tmp_70bc86623113141eae0cb1a96197e0d1d0626d48aad5004d.jpg',NULL,NULL,'0','2018-05-30 05:42:20','2018-05-30 06:27:48','2018-05-30 06:27:48'),(193,51,'http://dsyy.isart.me/tmp_bf690cbb70a1c6df634d1e60d798cefc0c7f4d025f78fa00.jpg',NULL,NULL,'0','2018-05-30 05:42:20','2018-05-30 06:27:48','2018-05-30 06:27:48'),(194,51,'http://dsyy.isart.me/tmp_f54ee89b5c7ab1fb10e8cf29423e1f5ce9f7585848cb4825.jpg',NULL,NULL,'0','2018-05-30 05:42:20','2018-05-30 06:27:48','2018-05-30 06:27:48'),(195,51,'http://dsyy.isart.me/tmp_c697b99bb6a47a8afff68e94568942619cfd96624b65873c.jpg',NULL,NULL,'0','2018-05-30 05:42:20','2018-05-30 06:27:48','2018-05-30 06:27:48'),(196,51,'http://dsyy.isart.me/tmp_278178ab4b7f90757ed2a65f579d8cc049fd93658e9cd6e8.jpg',NULL,NULL,'0','2018-05-30 05:42:20','2018-05-30 06:27:48','2018-05-30 06:27:48'),(197,51,'http://dsyy.isart.me/tmp_357aebf828cfe2cb34d952241376390aac47a0e5da17ff1c.jpg',NULL,NULL,'0','2018-05-30 05:42:20','2018-05-30 06:27:48','2018-05-30 06:27:48'),(198,51,'http://dsyy.isart.me/tmp_728f5523dd9722a39198a74779b5094a1c263ba593963e3a.jpg',NULL,NULL,'0','2018-05-30 05:42:20','2018-05-30 06:27:48','2018-05-30 06:27:48'),(199,51,'http://dsyy.isart.me/tmp_8291dda696bc3ce502450ba0806d85ca9049b081029d2b38.jpg',NULL,NULL,'0','2018-05-30 05:42:20','2018-05-30 06:27:48','2018-05-30 06:27:48'),(200,51,'http://dsyy.isart.me/tmp_f3cd49dab9949c61ad68f3ce2a8f635d3847c2b879e0586c.jpg',NULL,NULL,'0','2018-05-30 05:42:20','2018-05-30 06:27:48','2018-05-30 06:27:48'),(201,51,'http://dsyy.isart.me/tmp_e5fcdea87901361a7fa929551cf785bfde4b617e5eb82fed.jpg',NULL,NULL,'0','2018-05-30 05:42:20','2018-05-30 06:27:48','2018-05-30 06:27:48'),(202,51,NULL,NULL,'测试是否真的好用 真的好用吗？','0','2018-05-30 05:42:20','2018-05-30 06:27:48','2018-05-30 06:27:48'),(203,51,'http://dsyy.isart.me/tmp_01b60439263ec12bbbda9cbc5e1e2a2064279a771978ea11.jpg',NULL,NULL,'0','2018-05-30 06:27:48','2018-05-30 06:27:48',NULL),(204,51,'http://dsyy.isart.me/tmp_179448cb88880ca57fcf49065401d374d4a712246beb810a.jpg',NULL,NULL,'0','2018-05-30 06:27:48','2018-05-30 06:27:48',NULL),(205,51,'http://dsyy.isart.me/tmp_db6e4a35c7313d6b390305aec9482f92c813cd8fa17af43e.jpg',NULL,NULL,'0','2018-05-30 06:27:48','2018-05-30 06:27:48',NULL),(206,51,'http://dsyy.isart.me/tmp_a52ba4e1bed2a61dc38b3cbc22f567c5b87b30033d7a80e6.jpg',NULL,NULL,'0','2018-05-30 06:27:48','2018-05-30 06:27:48',NULL),(207,51,'http://dsyy.isart.me/tmp_4e80c570a259ee0452112abe8681f83fda50d2c71da24580.jpg',NULL,NULL,'0','2018-05-30 06:27:48','2018-05-30 06:27:48',NULL),(208,51,'http://dsyy.isart.me/tmp_a2c49c3d146c2586e46d9ff4d9e2d9d92181877983d5c519.jpg',NULL,NULL,'0','2018-05-30 06:27:48','2018-05-30 06:27:48',NULL),(209,51,'http://dsyy.isart.me/tmp_a8a419ebb045fce04154f6bef09816b30fa835d819216eeb.jpg',NULL,NULL,'0','2018-05-30 06:27:48','2018-05-30 06:27:48',NULL),(210,51,'http://dsyy.isart.me/tmp_0b7ff990554d8408da15bd38a00f02616ba818088be0e407.jpg',NULL,NULL,'0','2018-05-30 06:27:48','2018-05-30 06:27:48',NULL),(211,51,'http://dsyy.isart.me/tmp_70bc86623113141eae0cb1a96197e0d1d0626d48aad5004d.jpg',NULL,NULL,'0','2018-05-30 06:27:48','2018-05-30 06:27:48',NULL),(212,51,'http://dsyy.isart.me/tmp_bf690cbb70a1c6df634d1e60d798cefc0c7f4d025f78fa00.jpg',NULL,NULL,'0','2018-05-30 06:27:48','2018-05-30 06:27:48',NULL),(213,51,'http://dsyy.isart.me/tmp_f54ee89b5c7ab1fb10e8cf29423e1f5ce9f7585848cb4825.jpg',NULL,NULL,'0','2018-05-30 06:27:48','2018-05-30 06:27:48',NULL),(214,51,'http://dsyy.isart.me/tmp_c697b99bb6a47a8afff68e94568942619cfd96624b65873c.jpg',NULL,NULL,'0','2018-05-30 06:27:48','2018-05-30 06:27:48',NULL),(215,51,'http://dsyy.isart.me/tmp_278178ab4b7f90757ed2a65f579d8cc049fd93658e9cd6e8.jpg',NULL,NULL,'0','2018-05-30 06:27:48','2018-05-30 06:27:48',NULL),(216,51,'http://dsyy.isart.me/tmp_357aebf828cfe2cb34d952241376390aac47a0e5da17ff1c.jpg',NULL,NULL,'0','2018-05-30 06:27:48','2018-05-30 06:27:48',NULL),(217,51,'http://dsyy.isart.me/tmp_728f5523dd9722a39198a74779b5094a1c263ba593963e3a.jpg',NULL,NULL,'0','2018-05-30 06:27:48','2018-05-30 06:27:48',NULL),(218,51,'http://dsyy.isart.me/tmp_8291dda696bc3ce502450ba0806d85ca9049b081029d2b38.jpg',NULL,NULL,'0','2018-05-30 06:27:48','2018-05-30 06:27:48',NULL),(219,51,'http://dsyy.isart.me/tmp_f3cd49dab9949c61ad68f3ce2a8f635d3847c2b879e0586c.jpg',NULL,NULL,'0','2018-05-30 06:27:48','2018-05-30 06:27:48',NULL),(220,51,'http://dsyy.isart.me/tmp_e5fcdea87901361a7fa929551cf785bfde4b617e5eb82fed.jpg',NULL,NULL,'0','2018-05-30 06:27:48','2018-05-30 06:27:48',NULL),(221,51,NULL,NULL,'测试是否真的好用 真的好用吗？','0','2018-05-30 06:27:48','2018-05-30 06:27:48',NULL),(222,52,'http://dsyy.isart.me/tmp_2e96282da8af63b16706516da6a63b8a0084f325b0fccf2f.jpg',NULL,NULL,'0','2018-05-30 07:35:11','2018-05-30 09:24:30','2018-05-30 09:24:30'),(223,52,'http://dsyy.isart.me/tmp_84ec877b252da9e3ebae9f16f3dc9ed57bdb673ed9b18cdc.jpg',NULL,NULL,'0','2018-05-30 07:35:11','2018-05-30 09:24:30','2018-05-30 09:24:30'),(224,52,NULL,NULL,'地暖世界','0','2018-05-30 07:35:11','2018-05-30 09:24:30','2018-05-30 09:24:30'),(225,53,'http://dsyy.isart.me/tmp_c007f8f68a8ae2c3ed138f0d31e69710.jpg',NULL,NULL,'0','2018-05-30 09:08:28','2018-05-30 09:09:13','2018-05-30 09:09:13'),(226,53,NULL,NULL,'中国地暖网','0','2018-05-30 09:08:28','2018-05-30 09:09:13','2018-05-30 09:09:13'),(227,54,'http://dsyy.isart.me/tmp_5081eab3c687f9d78d1102de5bff0d8e.jpg',NULL,NULL,'0','2018-05-30 09:45:13','2018-05-30 09:45:13',NULL),(228,54,'http://dsyy.isart.me/tmp_61ef1407dc3aec4e1b920de679a4bbe1.jpg',NULL,NULL,'0','2018-05-30 09:45:13','2018-05-30 09:45:13',NULL),(229,54,'http://dsyy.isart.me/tmp_297c5dddf2e34562ac404570d5c04015.jpg',NULL,NULL,'0','2018-05-30 09:45:13','2018-05-30 09:45:13',NULL),(230,54,'http://dsyy.isart.me/tmp_89439bbf3120450ef5b0cdabb4171a77.jpg',NULL,NULL,'0','2018-05-30 09:45:13','2018-05-30 09:45:13',NULL),(231,54,'http://dsyy.isart.me/tmp_6bdd081ef42d2930d6dc12377319eb48.jpg',NULL,NULL,'0','2018-05-30 09:45:13','2018-05-30 09:45:13',NULL),(232,54,'http://dsyy.isart.me/tmp_91d741b57f12f7e99ff0587486abaaf3.jpg',NULL,NULL,'0','2018-05-30 09:45:13','2018-05-30 09:45:13',NULL),(233,54,NULL,NULL,'跟暖气片比起来，地暖施工工期较长，不过，为了我们一家老小的温暖生活。短暂的等待也是值得的。亲眼看着师傅从刚开始的地面基础找平，铺设地面保温系统，地暖专用反射膜的铺设，再到卡丁、管道的施工。和一些配件，比如分、集水器，保暖管的安装。到最后的填层竣工。深感地暖施工的不易。总之，我们家终于装上了地暖。寒冷的冬天里再也不用被冻成狗了！','0','2018-05-30 09:45:13','2018-05-30 09:45:13',NULL),(234,55,'http://dsyy.isart.me/tmp_50e109fc33c0ccd94f676f70e6cb3447b6f55c185b278d65.jpg',NULL,NULL,'0','2018-05-31 08:51:25','2018-05-31 08:51:25',NULL),(235,55,NULL,NULL,'测试','0','2018-05-31 08:51:25','2018-05-31 08:51:25',NULL),(236,56,'http://dsyy.isart.me/tmp_058cec64e8b6370ea9a505a1380955a67d7cda37158494c7.jpg',NULL,NULL,'0','2018-05-31 09:38:34','2018-05-31 09:38:34',NULL),(237,56,NULL,NULL,'测试','0','2018-05-31 09:38:34','2018-05-31 09:38:34',NULL),(238,57,'http://dsyy.isart.me/tmp_58b6d953bcf068dc8765b78ed15d2830e517451cce355db8.jpg',NULL,NULL,'0','2018-05-31 09:45:13','2018-06-05 15:15:00','2018-06-05 15:15:00'),(239,57,'http://dsyy.isart.me/tmp_03fbd8ee4668de8da059091ec424cf147a118bcf43f243c4.jpg',NULL,NULL,'0','2018-05-31 09:45:13','2018-06-05 15:15:00','2018-06-05 15:15:00'),(240,57,NULL,NULL,'测试地暖大赛帖子正文测试地暖大赛帖子正文测试地暖大赛帖子正文测试地暖大赛帖子正文测试地暖大赛帖子正文测试地暖大赛帖子正文测试地暖大赛帖子正文测试地暖大赛帖子正文测试地暖大赛帖子正文','0','2018-05-31 09:45:13','2018-06-05 15:15:00','2018-06-05 15:15:00'),(241,58,'http://dsyy.isart.me/tmp_071c780dbd22d3fa5dfe9b866c0b09e26c1e22b5c7e478db.jpg',NULL,NULL,'0','2018-05-31 10:12:02','2018-05-31 10:12:02',NULL),(242,58,NULL,NULL,'暖立方','0','2018-05-31 10:12:02','2018-05-31 10:12:02',NULL),(243,59,'http://dsyy.isart.me/tmp_f1bf3e3e88c1c53bda978d3408b468b1c5cca82ab03cee38.jpg',NULL,NULL,'0','2018-05-31 11:13:59','2018-05-31 11:14:20','2018-05-31 11:14:20'),(244,59,NULL,NULL,'暖风网大赛','0','2018-05-31 11:13:59','2018-05-31 11:14:20','2018-05-31 11:14:20'),(245,57,'http://dsyy.isart.me/tmp_58b6d953bcf068dc8765b78ed15d2830e517451cce355db8.jpg',NULL,NULL,'0','2018-06-05 15:15:00','2018-06-05 15:15:00',NULL),(246,57,'http://dsyy.isart.me/tmp_03fbd8ee4668de8da059091ec424cf147a118bcf43f243c4.jpg',NULL,NULL,'0','2018-06-05 15:15:00','2018-06-05 15:15:00',NULL),(247,57,'http://dsyy.isart.me/tmp_3cfc0211ac457ebdd896559c6ba15732eaba5b993b50a9ec.jpg',NULL,NULL,'0','2018-06-05 15:15:00','2018-06-05 15:15:00',NULL),(248,57,'http://dsyy.isart.me/tmp_c0ab1941415d69f8d67e47f6ef05191fc54a57c9d8c0fa3b.jpg',NULL,NULL,'0','2018-06-05 15:15:00','2018-06-05 15:15:00',NULL),(249,57,'http://dsyy.isart.me/tmp_f228ac37472fb344842e00df58d651c4ef520ea6161be3ed.jpg',NULL,NULL,'0','2018-06-05 15:15:00','2018-06-05 15:15:00',NULL),(250,57,'http://dsyy.isart.me/tmp_3b766b2ec6f3fcb89e5fea2fa4d1b373f907925fb43800dc.jpg',NULL,NULL,'0','2018-06-05 15:15:00','2018-06-05 15:15:00',NULL),(251,57,'http://dsyy.isart.me/tmp_f3aa33fa8e9906bcebda73fb9fe0d6511863f969a60e1472.jpg',NULL,NULL,'0','2018-06-05 15:15:00','2018-06-05 15:15:00',NULL),(252,57,'http://dsyy.isart.me/tmp_e34ed564dd27130d6c08804b0d35c308663d3f4c3ae804a4.jpg',NULL,NULL,'0','2018-06-05 15:15:00','2018-06-05 15:15:00',NULL),(253,57,'http://dsyy.isart.me/tmp_a52acb6b5ce7ad12f98786ad28d1284c6c3fa46461a38b58.jpg',NULL,NULL,'0','2018-06-05 15:15:00','2018-06-05 15:15:00',NULL),(254,57,'http://dsyy.isart.me/tmp_447800a843b65fb64719a46c4b337e2fb6395a01f19ad644.jpg',NULL,NULL,'0','2018-06-05 15:15:00','2018-06-05 15:15:00',NULL),(255,57,'http://dsyy.isart.me/tmp_7ac58cdd9f5caf36e5e9537a89f0d8789ef9e6c2f56d6810.jpg',NULL,NULL,'0','2018-06-05 15:15:00','2018-06-05 15:15:00',NULL),(256,57,'http://dsyy.isart.me/tmp_630d762b40212e0f9ba3ce3b29ebb6a5533da497e2920ad0.jpg',NULL,NULL,'0','2018-06-05 15:15:00','2018-06-05 15:15:00',NULL),(257,57,NULL,NULL,'测试地暖大赛帖子正文测试地暖大赛帖子正文测试地暖大赛帖子正文测试地暖大赛帖子正文测试地暖大赛帖子正文测试地暖大赛帖子正文测试地暖大赛帖子正文测试地暖大赛帖子正文测试地暖大赛帖子正文','0','2018-06-05 15:15:00','2018-06-05 15:15:00',NULL),(258,60,'http://dsyy.isart.me/tmp_c23c5086ac57c2dcb04d8271c1f25be011a13622b3103460.jpg',NULL,NULL,'0','2018-06-06 16:21:58','2018-06-06 16:21:58',NULL),(259,60,NULL,NULL,'产品很棒','0','2018-06-06 16:21:58','2018-06-06 16:21:58',NULL),(260,61,'http://dsyy.isart.me/tmp_40f6f6b3a5e3f6d945e54b8f4e35eb5aaf7fb50266e00900.jpg',NULL,NULL,'0','2018-06-07 13:04:31','2018-06-07 13:08:57','2018-06-07 13:08:57'),(261,61,NULL,NULL,'我就是我，','0','2018-06-07 13:04:31','2018-06-07 13:08:57','2018-06-07 13:08:57'),(262,62,'http://dsyy.isart.me/tmp_45a321e6008fffd4c88dcb478e4cd5a2f234a6ecfef2d6d4.jpg',NULL,NULL,'0','2018-06-07 13:08:26','2018-06-07 13:09:00','2018-06-07 13:09:00'),(263,62,NULL,NULL,'空气正好','0','2018-06-07 13:08:26','2018-06-07 13:09:00','2018-06-07 13:09:00'),(264,63,'http://dsyy.isart.me/tmp/wx9c5348c77565c244.o6zAJs3FFzas02nMmUHEIaQsPMXk.hzdK2NYGeuSN0de5725c7c115780d5150505917ab56a.png',NULL,NULL,'0','2018-06-07 13:09:02','2018-06-11 09:26:12','2018-06-11 09:26:12'),(265,63,NULL,NULL,'1111','0','2018-06-07 13:09:02','2018-06-11 09:26:12','2018-06-11 09:26:12'),(266,64,'http://dsyy.isart.me/tmp/wx9c5348c77565c244.o6zAJs3FFzas02nMmUHEIaQsPMXk.Yw1YlsTUCY2Rdd3c244719f7f26f8186c6a85e1881ff.png',NULL,NULL,'0','2018-06-07 13:20:20','2018-06-11 09:26:10','2018-06-11 09:26:10'),(267,64,NULL,NULL,'222','0','2018-06-07 13:20:20','2018-06-11 09:26:10','2018-06-11 09:26:10'),(268,65,'http://dsyy.isart.me/tmp/wx9c5348c77565c244.o6zAJs3FFzas02nMmUHEIaQsPMXk.GrwHQEfetprs0de5725c7c115780d5150505917ab56a.png',NULL,NULL,'0','2018-06-07 13:22:25','2018-06-11 09:26:08','2018-06-11 09:26:08'),(269,65,NULL,NULL,'333','0','2018-06-07 13:22:25','2018-06-11 09:26:08','2018-06-11 09:26:08'),(270,66,'http://dsyy.isart.me/tmp_dac2504942ef3b8528439b962ce48111936c728cf52db5d2.jpg',NULL,NULL,'0','2018-06-07 13:34:13','2018-06-07 13:39:03','2018-06-07 13:39:03'),(271,67,'http://dsyy.isart.me/tmp_dac2504942ef3b8528439b962ce48111936c728cf52db5d2.jpg',NULL,NULL,'0','2018-06-07 13:34:20','2018-06-07 13:39:07','2018-06-07 13:39:07'),(272,68,'http://dsyy.isart.me/tmp_dac2504942ef3b8528439b962ce48111936c728cf52db5d2.jpg',NULL,NULL,'0','2018-06-07 13:34:27','2018-06-07 14:11:02','2018-06-07 14:11:02'),(273,69,'http://dsyy.isart.me/tmp_bc0b866902a61639f6fb505b0e7e6c0824533cb480e4068a.jpg',NULL,NULL,'0','2018-06-07 13:35:09','2018-06-07 16:12:59','2018-06-07 16:12:59'),(274,69,NULL,NULL,'123','0','2018-06-07 13:35:09','2018-06-07 16:12:59','2018-06-07 16:12:59'),(275,70,'http://dsyy.isart.me/tmp_88dc7f10924d5befccd55455e433b06d96070256e422d657.jpg',NULL,NULL,'0','2018-06-07 13:35:48','2018-06-07 14:10:59','2018-06-07 14:10:59'),(276,70,NULL,NULL,'133','0','2018-06-07 13:35:48','2018-06-07 14:10:59','2018-06-07 14:10:59'),(277,71,'http://dsyy.isart.me/tmp_823c9805272378488bc57d5ff6a9e6b296c6bf087aafe9e3.jpg',NULL,NULL,'0','2018-06-07 13:49:50','2018-06-07 14:10:57','2018-06-07 14:10:57'),(278,71,NULL,NULL,'456','0','2018-06-07 13:49:50','2018-06-07 14:10:57','2018-06-07 14:10:57'),(279,72,'http://dsyy.isart.me/tmp/wx9c5348c77565c244.o6zAJs3FFzas02nMmUHEIaQsPMXk.F83Yp86d8J9d0de5725c7c115780d5150505917ab56a.png',NULL,NULL,'0','2018-06-07 13:52:17','2018-06-11 09:26:07','2018-06-11 09:26:07'),(280,72,'http://dsyy.isart.me/tmp/wx9c5348c77565c244.o6zAJs3FFzas02nMmUHEIaQsPMXk.JPMRrTHjJMpa0de5725c7c115780d5150505917ab56a.png',NULL,NULL,'0','2018-06-07 13:52:17','2018-06-11 09:26:07','2018-06-11 09:26:07'),(281,72,NULL,NULL,'6666666','0','2018-06-07 13:52:17','2018-06-11 09:26:07','2018-06-11 09:26:07'),(282,73,'http://dsyy.isart.me/tmp_2b77ed895f14337cc8603738235561b677080eafe4173add.jpg',NULL,NULL,'0','2018-06-07 13:53:57','2018-06-07 14:10:56','2018-06-07 14:10:56'),(283,73,NULL,NULL,'1234','0','2018-06-07 13:53:57','2018-06-07 14:10:56','2018-06-07 14:10:56'),(284,74,'http://dsyy.isart.me/tmp_bf39064ed04a031e86683e343dace1e91f4096533f9f0adf.jpg',NULL,NULL,'0','2018-06-07 13:54:22','2018-06-07 14:10:54','2018-06-07 14:10:54'),(285,74,NULL,NULL,'1234','0','2018-06-07 13:54:22','2018-06-07 14:10:54','2018-06-07 14:10:54'),(286,75,'http://dsyy.isart.me/tmp_14677f60f426ccf7ddcc4b01d4ff5d52bd37a18723a82add.jpg',NULL,NULL,'0','2018-06-07 14:03:37','2018-06-07 14:10:52','2018-06-07 14:10:52'),(287,75,NULL,NULL,'123456','0','2018-06-07 14:03:37','2018-06-07 14:10:52','2018-06-07 14:10:52'),(288,76,'http://dsyy.isart.me/tmp_d0290b21fc9f3f12fe5a66888535d5fd241549c96454d11e.jpg',NULL,NULL,'0','2018-06-07 14:04:02','2018-06-07 14:10:50','2018-06-07 14:10:50'),(289,76,NULL,NULL,'123456','0','2018-06-07 14:04:02','2018-06-07 14:10:50','2018-06-07 14:10:50'),(290,77,'http://dsyy.isart.me/tmp_04a86dbb58e75490fe379358c1659a4e547a0096d7faeab2.jpg',NULL,NULL,'0','2018-06-07 14:04:57','2018-06-07 14:10:49','2018-06-07 14:10:49'),(291,77,NULL,NULL,'123456','0','2018-06-07 14:04:57','2018-06-07 14:10:49','2018-06-07 14:10:49'),(292,78,'http://dsyy.isart.me/tmp_fcdf5b64d7d2000bbb92f3658f2ed81928fbc76405847008.jpg',NULL,NULL,'0','2018-06-07 14:06:21','2018-06-07 14:10:47','2018-06-07 14:10:47'),(293,78,NULL,NULL,'123456','0','2018-06-07 14:06:21','2018-06-07 14:10:47','2018-06-07 14:10:47'),(294,79,'http://dsyy.isart.me/tmp_47182ad37518ca79650a216985d1161c4d468e1796f7a932.jpg',NULL,NULL,'0','2018-06-07 14:07:22','2018-06-07 14:10:45','2018-06-07 14:10:45'),(295,79,NULL,NULL,'1234567','0','2018-06-07 14:07:22','2018-06-07 14:10:45','2018-06-07 14:10:45'),(296,80,'http://dsyy.isart.me/tmp_ca84828f736b6116a9dfbeee69e6c6be.jpg',NULL,NULL,'0','2018-06-07 15:03:41','2018-06-07 15:03:41',NULL),(297,80,'http://dsyy.isart.me/tmp_7632b3520965029397ead09deead0182.jpg',NULL,NULL,'0','2018-06-07 15:03:41','2018-06-07 15:03:41',NULL),(298,80,'http://dsyy.isart.me/tmp_7d228a2f7ac26fe8edcbc736caf9fac6.jpg',NULL,NULL,'0','2018-06-07 15:03:41','2018-06-07 15:03:41',NULL),(299,80,'http://dsyy.isart.me/tmp_7a299564f44fba010614032a5831705a.jpg',NULL,NULL,'0','2018-06-07 15:03:41','2018-06-07 15:03:41',NULL),(300,80,'http://dsyy.isart.me/tmp_43b5c3a314c21bc1f4d1a8799b091a6e.jpg',NULL,NULL,'0','2018-06-07 15:03:41','2018-06-07 15:03:41',NULL),(301,80,'http://dsyy.isart.me/tmp_44e815ec9099bce04e110644d94d3f70.jpg',NULL,NULL,'0','2018-06-07 15:03:41','2018-06-07 15:03:41',NULL),(302,80,NULL,NULL,'在北方待久了，到南方定居，必须要有暖气，通过朋友推荐，选择了小松鼠牌壁挂炉和暖气片，希望冬天能和北京一样暖和','0','2018-06-07 15:03:41','2018-06-07 15:03:41',NULL),(303,81,'http://dsyy.isart.me/tmp/wx9c5348c77565c244.o6zAJs3FFzas02nMmUHEIaQsPMXk.lTp761DSjIvM0de5725c7c115780d5150505917ab56a.png',NULL,NULL,'0','2018-06-07 15:11:09','2018-06-07 15:11:51','2018-06-07 15:11:51'),(304,81,NULL,NULL,'3333','0','2018-06-07 15:11:09','2018-06-07 15:11:51','2018-06-07 15:11:51'),(305,81,'http://dsyy.isart.me/tmp/wx9c5348c77565c244.o6zAJs3FFzas02nMmUHEIaQsPMXk.lTp761DSjIvM0de5725c7c115780d5150505917ab56a.png',NULL,NULL,'0','2018-06-07 15:11:51','2018-06-11 09:26:04','2018-06-11 09:26:04'),(306,81,NULL,NULL,'1','0','2018-06-07 15:11:51','2018-06-11 09:26:04','2018-06-11 09:26:04'),(307,82,'http://dsyy.isart.me/tmp_cf047bcacd4ac7b7a946a6f01224fc27.jpg',NULL,NULL,'0','2018-06-07 15:51:56','2018-06-07 15:51:56',NULL),(308,82,NULL,NULL,'测试下','0','2018-06-07 15:51:56','2018-06-07 15:51:56',NULL),(309,69,'http://dsyy.isart.me/tmp_9f0830fbfda8179a513f8d91feaebf117aa63946b1aa78f3.jpg',NULL,NULL,'0','2018-06-07 16:12:59','2018-06-07 16:15:03','2018-06-07 16:15:03'),(310,69,NULL,NULL,'哟哟','0','2018-06-07 16:12:59','2018-06-07 16:15:03','2018-06-07 16:15:03'),(311,69,'http://dsyy.isart.me/tmp_9f0830fbfda8179a513f8d91feaebf117aa63946b1aa78f3.jpg',NULL,NULL,'0','2018-06-07 16:15:03','2018-06-07 16:15:18','2018-06-07 16:15:18'),(312,69,NULL,NULL,'哟哟','0','2018-06-07 16:15:03','2018-06-07 16:15:18','2018-06-07 16:15:18'),(313,83,'http://dsyy.isart.me/tmp_1d0f4f91000ee2ba6f446175448acdb30d7eabd3125a9192.jpg',NULL,NULL,'0','2018-06-07 17:50:12','2018-06-07 17:50:22','2018-06-07 17:50:22'),(314,83,NULL,NULL,'看看','0','2018-06-07 17:50:12','2018-06-07 17:50:22','2018-06-07 17:50:22'),(315,83,'http://dsyy.isart.me/tmp_1d0f4f91000ee2ba6f446175448acdb30d7eabd3125a9192.jpg',NULL,NULL,'0','2018-06-07 17:50:22','2018-06-07 17:50:34','2018-06-07 17:50:34'),(316,83,NULL,NULL,'看吧看','0','2018-06-07 17:50:22','2018-06-07 17:50:34','2018-06-07 17:50:34'),(317,83,'http://dsyy.isart.me/tmp_47489bc3da97c533eb6311839cdaf4c6a9905bbda2f07be0.jpg',NULL,NULL,'0','2018-06-07 17:50:34','2018-06-07 17:51:08','2018-06-07 17:51:08'),(318,83,NULL,NULL,'看吧看','0','2018-06-07 17:50:34','2018-06-07 17:51:08','2018-06-07 17:51:08'),(319,84,'http://dsyy.isart.me/tmp_07ccf911ba907838121cdeecc11474af.jpg',NULL,NULL,'0','2018-06-07 20:29:27','2018-06-07 20:29:27',NULL),(320,84,'http://dsyy.isart.me/tmp_0d4c556845e086b404704f25fa25b094.jpg',NULL,NULL,'0','2018-06-07 20:29:27','2018-06-07 20:29:27',NULL),(321,84,'http://dsyy.isart.me/tmp_fa5ab868b84837f8df9897b8840f68ff.jpg',NULL,NULL,'0','2018-06-07 20:29:27','2018-06-07 20:29:27',NULL),(322,84,'http://dsyy.isart.me/tmp_77c38811373c27529513297e8b59263d.jpg',NULL,NULL,'0','2018-06-07 20:29:27','2018-06-07 20:29:27',NULL),(323,84,'http://dsyy.isart.me/tmp_99bb18ea658119d205bc7664ed3f7f16.jpg',NULL,NULL,'0','2018-06-07 20:29:27','2018-06-07 20:29:27',NULL),(324,84,NULL,NULL,'地暖安装','0','2018-06-07 20:29:27','2018-06-07 20:29:27',NULL),(325,85,'http://dsyy.isart.me/tmp_7ef1c6b4c47a7359c8c17ffc1b8e4b5fddd019fc3af1e0ca.jpg',NULL,NULL,'0','2018-06-08 15:41:32','2018-06-08 16:14:26','2018-06-08 16:14:26'),(326,85,NULL,NULL,'努力','0','2018-06-08 15:41:32','2018-06-08 16:14:26','2018-06-08 16:14:26'),(327,86,'http://dsyy.isart.me/tmp_e79c06f0e387108593af3368ad0deed329244070cd32f69e.jpg',NULL,NULL,'0','2018-06-08 15:51:46','2018-06-08 16:14:23','2018-06-08 16:14:23'),(328,86,NULL,NULL,'非常好','0','2018-06-08 15:51:46','2018-06-08 16:14:23','2018-06-08 16:14:23'),(329,87,'http://dsyy.isart.me/tmp_90fabeb66fc3c894657438dba5de0f8a592abcb332966d87.jpg',NULL,NULL,'0','2018-06-08 16:14:14','2018-06-08 16:14:20','2018-06-08 16:14:20'),(330,87,NULL,NULL,'非常好','0','2018-06-08 16:14:14','2018-06-08 16:14:20','2018-06-08 16:14:20'),(331,88,NULL,NULL,'3呃呃呃额额的呃呃呃额额的呃呃呃额额的呃呃呃额额的呃呃呃额额的','0','2018-06-10 02:44:59','2018-06-10 02:45:15','2018-06-10 02:45:15'),(332,89,'http://dsyy.isart.me/tmp_230ef8ef4d207245f50154ac7703e7bc4fdb3da21bb6981d.jpg',NULL,NULL,'0','2018-06-14 07:32:27','2018-06-14 07:33:42','2018-06-14 07:33:42'),(333,89,'http://dsyy.isart.me/tmp_00a6eaa455c743ba3fcdfcf9950def82a1c5afc2283ab22c.jpg',NULL,NULL,'0','2018-06-14 07:32:27','2018-06-14 07:33:42','2018-06-14 07:33:42'),(334,89,'http://dsyy.isart.me/tmp_b67f74251c122a0284137c47879886a407f47bb525dd5b27.jpg',NULL,NULL,'0','2018-06-14 07:32:27','2018-06-14 07:33:42','2018-06-14 07:33:42'),(335,89,'http://dsyy.isart.me/tmp_8986cfbdac8559cf34fe93ed7767cbe8cf9665a9c067b16c.jpg',NULL,NULL,'0','2018-06-14 07:32:27','2018-06-14 07:33:42','2018-06-14 07:33:42'),(336,90,'http://dsyy.isart.me/tmp_230ef8ef4d207245f50154ac7703e7bc4fdb3da21bb6981d.jpg',NULL,NULL,'0','2018-06-14 07:32:42','2018-06-14 07:33:52','2018-06-14 07:33:52'),(337,90,'http://dsyy.isart.me/tmp_00a6eaa455c743ba3fcdfcf9950def82a1c5afc2283ab22c.jpg',NULL,NULL,'0','2018-06-14 07:32:42','2018-06-14 07:33:52','2018-06-14 07:33:52'),(338,90,'http://dsyy.isart.me/tmp_b67f74251c122a0284137c47879886a407f47bb525dd5b27.jpg',NULL,NULL,'0','2018-06-14 07:32:42','2018-06-14 07:33:52','2018-06-14 07:33:52'),(339,90,'http://dsyy.isart.me/tmp_8986cfbdac8559cf34fe93ed7767cbe8cf9665a9c067b16c.jpg',NULL,NULL,'0','2018-06-14 07:32:42','2018-06-14 07:33:52','2018-06-14 07:33:52'),(340,91,'http://dsyy.isart.me/tmp_230ef8ef4d207245f50154ac7703e7bc4fdb3da21bb6981d.jpg',NULL,NULL,'0','2018-06-14 07:32:49','2018-06-14 07:32:49',NULL),(341,91,'http://dsyy.isart.me/tmp_00a6eaa455c743ba3fcdfcf9950def82a1c5afc2283ab22c.jpg',NULL,NULL,'0','2018-06-14 07:32:49','2018-06-14 07:32:49',NULL),(342,91,'http://dsyy.isart.me/tmp_b67f74251c122a0284137c47879886a407f47bb525dd5b27.jpg',NULL,NULL,'0','2018-06-14 07:32:49','2018-06-14 07:32:49',NULL),(343,91,'http://dsyy.isart.me/tmp_8986cfbdac8559cf34fe93ed7767cbe8cf9665a9c067b16c.jpg',NULL,NULL,'0','2018-06-14 07:32:49','2018-06-14 07:32:49',NULL),(344,92,'http://dsyy.isart.me/tmp_230ef8ef4d207245f50154ac7703e7bc4fdb3da21bb6981d.jpg',NULL,NULL,'0','2018-06-14 07:32:59','2018-06-14 07:33:56','2018-06-14 07:33:56'),(345,92,'http://dsyy.isart.me/tmp_00a6eaa455c743ba3fcdfcf9950def82a1c5afc2283ab22c.jpg',NULL,NULL,'0','2018-06-14 07:32:59','2018-06-14 07:33:56','2018-06-14 07:33:56'),(346,92,'http://dsyy.isart.me/tmp_b67f74251c122a0284137c47879886a407f47bb525dd5b27.jpg',NULL,NULL,'0','2018-06-14 07:32:59','2018-06-14 07:33:56','2018-06-14 07:33:56'),(347,92,'http://dsyy.isart.me/tmp_8986cfbdac8559cf34fe93ed7767cbe8cf9665a9c067b16c.jpg',NULL,NULL,'0','2018-06-14 07:32:59','2018-06-14 07:33:56','2018-06-14 07:33:56'),(348,93,'http://dsyy.isart.me/tmp_230ef8ef4d207245f50154ac7703e7bc4fdb3da21bb6981d.jpg',NULL,NULL,'0','2018-06-14 07:33:17','2018-06-14 07:33:47','2018-06-14 07:33:47'),(349,93,'http://dsyy.isart.me/tmp_00a6eaa455c743ba3fcdfcf9950def82a1c5afc2283ab22c.jpg',NULL,NULL,'0','2018-06-14 07:33:17','2018-06-14 07:33:47','2018-06-14 07:33:47'),(350,93,'http://dsyy.isart.me/tmp_b67f74251c122a0284137c47879886a407f47bb525dd5b27.jpg',NULL,NULL,'0','2018-06-14 07:33:17','2018-06-14 07:33:47','2018-06-14 07:33:47'),(351,93,'http://dsyy.isart.me/tmp_8986cfbdac8559cf34fe93ed7767cbe8cf9665a9c067b16c.jpg',NULL,NULL,'0','2018-06-14 07:33:17','2018-06-14 07:33:47','2018-06-14 07:33:47'),(352,94,'http://dsyy.isart.me/tmp_7bb6d5e15bff0a77aaa48a035ad1ca45.jpg',NULL,NULL,'0','2018-06-14 10:59:09','2018-06-14 10:59:09',NULL),(353,94,'http://dsyy.isart.me/tmp_25bf00b496a2791de55ba6d0ab999883.jpg',NULL,NULL,'0','2018-06-14 10:59:09','2018-06-14 10:59:09',NULL),(354,94,'http://dsyy.isart.me/tmp_481507025b569db59dc94ae7b631aca6.jpg',NULL,NULL,'0','2018-06-14 10:59:09','2018-06-14 10:59:09',NULL),(355,94,'http://dsyy.isart.me/tmp_252acf1c5945bc7026eb58241f44f1bf.jpg',NULL,NULL,'0','2018-06-14 10:59:09','2018-06-14 10:59:09',NULL),(356,94,'http://dsyy.isart.me/tmp_13c64c0f234faaec790b0153119ecdc0.jpg',NULL,NULL,'0','2018-06-14 10:59:09','2018-06-14 10:59:09',NULL),(357,94,NULL,NULL,'豪宅','0','2018-06-14 10:59:09','2018-06-14 10:59:09',NULL);

#
# Structure for table "t_tw_step"
#

CREATE TABLE `t_tw_step` (
  `id` int(10) NOT NULL AUTO_INCREMENT COMMENT '步骤id',
  `f_id` int(10) NOT NULL COMMENT '父id，通过f_table确认关联的表',
  `f_table` varchar(45) NOT NULL COMMENT '类型 ad：广告图',
  `img` text COMMENT '图片链接',
  `video` text COMMENT '视频链接',
  `text` text COMMENT '文字',
  `text_class` text COMMENT '样式类型，该值将放置在style中',
  `seq` int(11) DEFAULT '0' COMMENT '顺序',
  `created_at` datetime DEFAULT NULL COMMENT '创建时间',
  `updated_at` datetime DEFAULT NULL COMMENT '更新时间',
  `deleted_at` datetime DEFAULT NULL COMMENT '删除时间',
  PRIMARY KEY (`id`)
) ENGINE=InnoDB AUTO_INCREMENT=205 DEFAULT CHARSET=utf8;

#
# Data for table "t_tw_step"
#

INSERT INTO `t_tw_step` VALUES (93,1,'event',NULL,NULL,'问问问',NULL,0,'2018-03-06 05:20:12','2018-03-06 06:09:20','2018-03-06 06:09:20'),(94,1,'event',NULL,NULL,'刚刚跟',NULL,1,'2018-03-06 05:21:28','2018-03-06 06:10:26','2018-03-06 06:10:26'),(95,1,'event','http://twst.isart.me/o_1c7ss3vmkc5jn4najgs10bbhl.jpg',NULL,NULL,NULL,2,'2018-03-06 05:21:40','2018-03-06 06:13:11','2018-03-06 06:13:11'),(96,1,'event',NULL,NULL,'123',NULL,3,'2018-03-06 05:27:37','2018-03-06 06:20:20','2018-03-06 06:20:20'),(97,1,'event','http://twst.isart.me/o_1c7ssf659iu61tr9oin1vkc1mjql.jpg',NULL,NULL,NULL,4,'2018-03-06 05:27:46','2018-03-06 06:23:36','2018-03-06 06:23:36'),(98,1,'event','http://twst.isart.me/o_1c7ssjmsn25litm1l684s71gkgl.jpg',NULL,NULL,NULL,5,'2018-03-06 05:30:13','2018-03-06 06:23:42','2018-03-06 06:23:42'),(99,1,'event','http://twst.isart.me/o_1c7ssl3mshc21ajv1rv31ua71v0ql.jpg',NULL,NULL,NULL,6,'2018-03-06 05:31:00','2018-03-06 06:23:22','2018-03-06 06:23:22'),(100,1,'event',NULL,NULL,'123',NULL,7,'2018-03-06 05:31:06','2018-03-06 06:21:16','2018-03-06 06:21:16'),(101,1,'event',NULL,'http://twst.isart.me/o_1c7ssllj268v55o15p4hgk10v3q.mp4',NULL,NULL,9,'2018-03-06 05:31:32','2018-03-06 06:25:28','2018-03-06 06:25:28'),(102,2,'event',NULL,NULL,'123',NULL,0,'2018-03-06 05:33:49','2018-03-06 06:36:01','2018-03-06 06:36:01'),(103,2,'event',NULL,NULL,'321',NULL,1,'2018-03-06 05:36:50','2018-03-06 06:38:14','2018-03-06 06:38:14'),(104,3,'event',NULL,'http://twst.isart.me/o_1c7st4ehqg7fmr9rtg1kk2sgl.mp4',NULL,NULL,0,'2018-03-06 05:40:54','2018-03-06 06:15:32','2018-03-06 06:15:32'),(105,2,'event',NULL,'http://twst.isart.me/o_1c7sthcg6l8n1egc1ne970q1r2il.mp4',NULL,NULL,2,'2018-03-06 05:48:38','2018-03-06 06:39:14','2018-03-06 06:39:14'),(106,2,'event',NULL,'http://twst.isart.me/o_1c7stosnk1re01c8216rk5jjc5dl.mp4',NULL,NULL,3,'2018-03-06 05:50:46','2018-03-06 06:18:24','2018-03-06 06:18:24'),(107,1,'event',NULL,'http://twst.isart.me/o_1c7stqp5d111v16qsibnk9dr8vl.mp4',NULL,NULL,9,'2018-03-06 05:51:39','2018-03-06 06:26:29','2018-03-06 06:26:29'),(108,1,'event',NULL,NULL,'111111111',NULL,2,'2018-03-06 06:26:59','2018-03-06 06:31:22','2018-03-06 06:31:22'),(109,1,'event',NULL,NULL,'fggfgf',NULL,3,'2018-03-06 06:27:02','2018-03-06 06:31:53','2018-03-06 06:31:53'),(110,1,'event',NULL,NULL,'vbnvvvvvvn',NULL,0,'2018-03-06 06:27:06','2018-03-06 06:29:10','2018-03-06 06:29:10'),(111,1,'event','http://twst.isart.me/o_1c7svta11l1m1o041j5qtv6tahl.jpg',NULL,NULL,NULL,1,'2018-03-06 06:27:54','2018-03-06 06:32:34','2018-03-06 06:32:34'),(112,1,'event',NULL,'http://twst.isart.me/o_1c7svthtq1df11rje427a3n1g60q.mp4',NULL,NULL,4,'2018-03-06 06:28:06','2018-03-06 06:34:27','2018-03-06 06:34:27'),(113,2,'event',NULL,NULL,'rerer',NULL,0,'2018-03-06 06:41:42','2018-03-06 06:42:45','2018-03-06 06:42:45'),(114,2,'event',NULL,NULL,'cvxcvvcvc',NULL,1,'2018-03-06 06:41:46','2018-03-06 06:44:13','2018-03-06 06:44:13'),(115,2,'event',NULL,NULL,'fgfdfgf',NULL,1,'2018-03-06 06:43:39','2018-03-06 06:44:57','2018-03-06 06:44:57'),(116,2,'event',NULL,NULL,'cbcvcvn',NULL,1,'2018-03-06 06:43:43','2018-03-06 06:47:38','2018-03-06 06:47:38'),(117,2,'event','http://twst.isart.me/o_1c7t0ts9ldd3f915at154v1vaal.jpg',NULL,NULL,NULL,0,'2018-03-06 06:45:41','2018-03-06 06:48:06','2018-03-06 06:48:06'),(118,2,'event',NULL,'http://twst.isart.me/o_1c7t0u3pv17koafo1kf1ji2qp8q.mp4',NULL,NULL,2,'2018-03-06 06:45:56','2018-03-06 06:49:30','2018-03-06 06:49:30'),(119,2,'event',NULL,NULL,'gggggg',NULL,0,'2018-03-06 06:50:47','2018-03-06 06:51:34','2018-03-06 06:51:34'),(120,2,'event',NULL,NULL,'jjjjjjj',NULL,1,'2018-03-06 06:50:50','2018-03-06 07:02:07','2018-03-06 07:02:07'),(121,2,'event',NULL,NULL,'gggggg',NULL,0,'2018-03-06 07:16:49','2018-03-06 07:18:24','2018-03-06 07:18:24'),(122,2,'event',NULL,NULL,'nnbnbnb',NULL,1,'2018-03-06 07:16:52','2018-03-06 07:23:02','2018-03-06 07:23:02'),(123,2,'event',NULL,NULL,'mmmmm',NULL,2,'2018-03-06 07:16:54','2018-03-06 07:27:16','2018-03-06 07:27:16'),(124,3,'event',NULL,NULL,'ggggg',NULL,0,'2018-03-06 07:17:02','2018-03-06 07:24:33','2018-03-06 07:24:33'),(125,3,'event','http://twst.isart.me/o_1c7t2nfir1uf71qm9n96mjds6tl.jpg',NULL,NULL,NULL,1,'2018-03-06 07:17:08','2018-03-06 07:45:35','2018-03-06 07:45:35'),(126,1,'event',NULL,NULL,'vcbcbvcbvc',NULL,0,'2018-03-06 07:17:18','2018-03-06 07:26:30','2018-03-06 07:26:30'),(127,1,'event',NULL,NULL,'ffffff',NULL,1,'2018-03-06 07:17:22','2018-03-06 07:25:08','2018-03-06 07:25:08'),(128,1,'event','http://twst.isart.me/o_1c7t2o3f06o0mblu2urb9aoll.jpg',NULL,NULL,NULL,2,'2018-03-06 07:17:28','2018-03-06 09:37:58','2018-03-06 09:37:58'),(129,2,'event',NULL,NULL,'fffff',NULL,0,'2018-03-06 07:27:29','2018-03-06 07:48:15','2018-03-06 07:48:15'),(130,2,'event',NULL,NULL,'aaaaa',NULL,1,'2018-03-06 07:27:34','2018-03-06 07:46:39','2018-03-06 07:46:39'),(131,2,'event',NULL,NULL,'fffff',NULL,1,'2018-03-06 07:27:36','2018-03-06 07:50:23','2018-03-06 07:50:23'),(132,2,'event',NULL,NULL,'hhhh',NULL,2,'2018-03-06 07:31:24','2018-03-06 07:51:00','2018-03-06 07:51:00'),(133,2,'event',NULL,NULL,'水水顶顶顶',NULL,1,'2018-03-06 07:49:15','2018-03-06 09:38:24','2018-03-06 09:38:24'),(134,2,'event',NULL,NULL,'不不不',NULL,0,'2018-03-06 07:49:32','2018-03-06 07:58:18','2018-03-06 07:58:18'),(135,2,'event',NULL,NULL,'烦烦烦方法',NULL,0,'2018-03-06 07:51:52','2018-03-06 08:25:00','2018-03-06 08:25:00'),(136,2,'event',NULL,NULL,'啵啵啵啵啵啵不',NULL,0,'2018-03-06 07:51:58','2018-03-06 09:38:49','2018-03-06 09:38:49'),(137,2,'event',NULL,NULL,'wwwww',NULL,1,'2018-03-06 09:38:33','2018-03-06 09:38:44','2018-03-06 09:38:44'),(138,2,'event',NULL,NULL,'fffffffffff',NULL,2,'2018-03-06 09:39:06','2018-03-06 09:39:43','2018-03-06 09:39:43'),(139,2,'event',NULL,NULL,'bbbbbbbbbbbbbb',NULL,0,'2018-03-06 09:39:09','2018-03-06 09:40:41','2018-03-06 09:40:41'),(140,2,'event',NULL,NULL,'yyyyyyyyyyy',NULL,1,'2018-03-06 09:39:13','2018-03-07 06:55:10','2018-03-07 06:55:10'),(141,2,'event',NULL,NULL,'ggggeeeeeeee',NULL,3,'2018-03-06 09:39:18','2018-03-07 06:55:12','2018-03-07 06:55:12'),(142,1,'event',NULL,NULL,'fffff',NULL,0,'2018-03-07 05:32:36','2018-03-07 05:33:41','2018-03-07 05:33:41'),(143,1,'event','http://twst.isart.me/o_1c7vf5aq488va34bb69b1k0il.png',NULL,NULL,NULL,1,'2018-03-07 05:32:54','2018-03-07 05:34:14','2018-03-07 05:34:14'),(144,1,'event',NULL,NULL,'bbbbbbbbbbb',NULL,2,'2018-03-07 05:32:59','2018-03-07 05:38:32','2018-03-07 05:38:32'),(145,1,'event',NULL,NULL,'123',NULL,1,'2018-03-07 05:34:29','2018-03-07 05:34:51','2018-03-07 05:34:51'),(146,1,'event',NULL,NULL,'321',NULL,2,'2018-03-07 05:34:35','2018-03-07 05:41:37','2018-03-07 05:41:37'),(147,1,'event',NULL,NULL,'321456',NULL,1,'2018-03-07 05:40:36','2018-03-07 05:45:39','2018-03-07 05:45:39'),(148,1,'event',NULL,NULL,'1212',NULL,2,'2018-03-07 05:41:16','2018-03-07 05:46:03','2018-03-07 05:46:03'),(149,1,'event',NULL,NULL,'333',NULL,3,'2018-03-07 05:42:59','2018-03-07 06:54:11','2018-03-07 06:54:11'),(150,1,'event',NULL,NULL,'33336666',NULL,3,'2018-03-07 05:45:22','2018-03-07 05:45:31','2018-03-07 05:45:31'),(151,1,'event',NULL,NULL,'123',NULL,1,'2018-03-07 05:48:24','2018-03-07 05:48:57','2018-03-07 05:48:57'),(152,1,'event',NULL,NULL,'321',NULL,2,'2018-03-07 05:48:28','2018-03-07 05:48:51','2018-03-07 05:48:51'),(153,1,'event',NULL,NULL,'999999',NULL,1,'2018-03-07 05:48:32','2018-03-07 06:54:07','2018-03-07 06:54:07'),(154,1,'event',NULL,NULL,'159',NULL,2,'2018-03-07 05:49:18','2018-03-07 05:49:22','2018-03-07 05:49:22'),(155,1,'event',NULL,NULL,'123456',NULL,0,'2018-03-07 05:49:41','2018-03-07 06:54:04','2018-03-07 06:54:04'),(156,1,'event',NULL,NULL,'ggggg',NULL,2,'2018-03-07 05:52:07','2018-03-07 06:54:09','2018-03-07 06:54:09'),(157,1,'event','http://twst.isart.me/o_1c7vjqe831n6evdl9h101m1obrl.png',NULL,NULL,NULL,0,'2018-03-07 06:54:20','2018-03-08 03:21:21','2018-03-08 03:21:21'),(158,1,'event','http://twst.isart.me/o_1c7vjqm6115n6d1t1vad1fsljgbq.png',NULL,NULL,NULL,1,'2018-03-07 06:54:28','2018-03-08 03:22:30','2018-03-08 03:22:30'),(159,1,'event','http://twst.isart.me/o_1c7vjqruh1pe5evamte1as01dhlv.png',NULL,NULL,NULL,2,'2018-03-07 06:54:34','2018-03-08 03:22:28','2018-03-08 03:22:28'),(160,1,'event','http://twst.isart.me/o_1c7vjr2ag1hjn19hvugk1fq91rks14.png',NULL,NULL,NULL,3,'2018-03-07 06:54:40','2018-03-08 03:22:27','2018-03-08 03:22:27'),(161,1,'event','http://twst.isart.me/o_1c7vjr92oavkjqfm1ralf9hq19.png',NULL,NULL,NULL,4,'2018-03-07 06:54:47','2018-03-08 03:22:25','2018-03-08 03:22:25'),(162,1,'event','http://twst.isart.me/o_1c7vjrf8v1lvfbqkhrl199pi1i1e.png',NULL,NULL,NULL,5,'2018-03-07 06:54:54','2018-03-08 03:22:32','2018-03-08 03:22:32'),(163,2,'event','http://twst.isart.me/o_1c7vjs7fn1g8tjes1rt1oi31kgdl.png',NULL,NULL,NULL,1,'2018-03-07 06:55:18','2018-05-17 14:39:53',NULL),(164,2,'event','http://twst.isart.me/o_1c7vjsd4qa2c1jov1ovn1clvo8mq.png',NULL,NULL,NULL,0,'2018-03-07 06:55:24','2018-05-17 14:39:53',NULL),(165,2,'event','http://twst.isart.me/o_1c7vjsiv519a3hr325gg7ohi5v.png',NULL,NULL,NULL,3,'2018-03-07 06:55:30','2018-05-17 14:40:00',NULL),(166,2,'event','http://twst.isart.me/o_1c7vjt29q55v8quo251csj1eb14.png',NULL,NULL,NULL,4,'2018-03-07 06:55:45','2018-05-17 14:39:59',NULL),(167,2,'event','http://twst.isart.me/o_1c7vjt29q55v8quo251csj1eb14.png',NULL,NULL,NULL,2,'2018-03-07 06:55:49','2018-05-17 14:40:00',NULL),(168,2,'event','http://twst.isart.me/o_1c7vjtcdi1h2vgfr11dvrjs53519.png',NULL,NULL,NULL,5,'2018-03-07 06:55:56','2018-03-07 06:55:56',NULL),(169,2,'event','http://twst.isart.me/o_1c7vjthfn1fb8u9871s1hju1ek71e.png',NULL,NULL,NULL,6,'2018-03-07 06:56:01','2018-03-07 06:56:01',NULL),(170,5,'event',NULL,NULL,'测试',NULL,0,'2018-03-08 02:52:54','2018-03-08 02:52:54',NULL),(171,1,'event','http://twst.isart.me/o_1c81q1a6c1grvbputjc1fek1s0pq.jpg',NULL,NULL,NULL,0,'2018-03-08 03:22:40','2018-05-19 15:43:24','2018-05-19 15:43:24'),(172,1,'event','http://twst.isart.me/o_1c81q1hls1oe010q31tn41m421lu7v.jpg',NULL,NULL,NULL,1,'2018-03-08 03:22:47','2018-05-19 15:43:20','2018-05-19 15:43:20'),(173,1,'event','http://twst.isart.me/o_1c81q1o9nltr2o5ci915351dd914.jpg',NULL,NULL,NULL,3,'2018-03-08 03:22:54','2018-05-19 15:43:16','2018-05-19 15:43:16'),(174,1,'event','http://twst.isart.me/o_1c81q1vbcc321rpq1ul8b3ds1p19.jpg',NULL,NULL,NULL,2,'2018-03-08 03:23:01','2018-05-19 15:43:18','2018-05-19 15:43:18'),(175,1,'event','http://twst.isart.me/o_1c81q257l1m0qt9c172rtu3e9r1e.jpg',NULL,NULL,NULL,5,'2018-03-08 03:23:08','2018-05-19 15:43:12','2018-05-19 15:43:12'),(176,1,'event','http://twst.isart.me/o_1c81q2c5m1sjat64jan9c21fp21j.jpg',NULL,NULL,NULL,4,'2018-03-08 03:23:15','2018-05-19 15:43:14','2018-05-19 15:43:14'),(177,6,'event','http://twst.isart.me/o_1cbu3oenrugf77hs6r1vt0jnel.jpg',NULL,NULL,NULL,0,'2018-04-25 17:57:19','2018-04-25 17:57:19',NULL),(178,6,'event','http://twst.isart.me/o_1cbu4638v3qo5fakm51p1j75l.jpg',NULL,NULL,NULL,1,'2018-04-25 18:04:39','2018-04-25 18:04:39',NULL),(179,1,'event',NULL,NULL,'发生的发生飞洒',NULL,6,'2018-05-17 13:48:56','2018-05-19 15:43:22','2018-05-19 15:43:22'),(180,2,'event',NULL,NULL,'第三方第三方',NULL,7,'2018-05-17 14:40:08','2018-05-17 14:40:08',NULL),(181,1,'event','http://twst.isart.me/o_1cdp3ahpo1ffg1di71s621tve97el.jpg',NULL,NULL,NULL,0,'2018-05-19 15:43:40','2018-05-19 15:43:43','2018-05-19 15:43:43'),(182,1,'event','http://twst.isart.me/o_1cdp3gn5j16ih1giu1aa55cd1vp7l.jpg',NULL,NULL,NULL,0,'2018-05-19 15:46:57','2018-06-06 17:14:14','2018-06-06 17:14:14'),(183,8,'event','http://twst.isart.me/o_1cdp4p2sb12i121ahda14411do6l.jpg',NULL,NULL,NULL,0,'2018-05-19 16:08:59','2018-05-19 16:16:59','2018-05-19 16:16:59'),(184,10,'event','http://twst.isart.me/o_1cdp54ugubh9jj5mgo18ies5rl.jpg',NULL,NULL,NULL,1,'2018-05-19 16:15:28','2018-05-21 11:30:27',NULL),(185,8,'event','http://twst.isart.me/o_1cdp57et91alr1ml61j5q40jkjtl.jpg',NULL,NULL,NULL,0,'2018-05-19 16:17:08','2018-05-19 16:17:08',NULL),(186,8,'event','http://twst.isart.me/o_1cdp58av4mu2128h194b8esa1rq.jpg',NULL,NULL,NULL,1,'2018-05-19 16:17:19','2018-05-19 16:17:19',NULL),(187,10,'event','http://twst.isart.me/o_1cdp594ep538qpoptd1tuk1m0al.jpg',NULL,NULL,NULL,0,'2018-05-19 16:17:45','2018-05-21 11:30:27',NULL),(188,9,'event','http://twst.isart.me/o_1cdp59rsf1dsclmo1mdsl8p1q8il.jpg',NULL,NULL,NULL,0,'2018-05-19 16:18:08','2018-05-19 16:18:08',NULL),(189,9,'event','http://twst.isart.me/o_1cdp5ajjq9vt153l6dkr1f18thl.jpg',NULL,NULL,NULL,1,'2018-05-19 16:18:32','2018-05-19 16:18:32',NULL),(190,13,'event','http://twst.isart.me/o_1ce0d0fg015b9nt61r6sjq6t9tl.jpg',NULL,NULL,NULL,0,'2018-05-21 11:50:17','2018-05-21 11:50:17',NULL),(191,13,'event','http://twst.isart.me/o_1ce0d0mki1cf61mnn5s116tb1siuq.jpg',NULL,NULL,NULL,1,'2018-05-21 11:50:25','2018-05-21 11:50:25',NULL),(192,1,'ad',NULL,NULL,'111133333',NULL,0,'2018-06-06 11:01:38','2018-06-06 11:01:53','2018-06-06 11:01:53'),(193,1,'ad','http://twst.isart.me/o_1cf9glqqie4o1s97gfk140giava.jpg',NULL,NULL,NULL,1,'2018-06-06 11:01:49','2018-06-06 11:01:55','2018-06-06 11:01:55'),(194,1,'event','http://twst.isart.me/o_1cfa5t45f1c6b1jmhumu1vln1p6sl.jpg',NULL,NULL,NULL,0,'2018-06-06 17:14:21','2018-06-06 17:32:31','2018-06-06 17:32:31'),(195,1,'event','http://twst.isart.me/o_1cfa5tbh3aqv18879ng11rc2ccq.jpg',NULL,NULL,NULL,1,'2018-06-06 17:14:29','2018-06-06 17:32:27',NULL),(196,1,'event','http://twst.isart.me/o_1cfa5tigf4pcshd1a89vdl1c26v.jpg',NULL,NULL,NULL,2,'2018-06-06 17:14:35','2018-06-06 17:32:35',NULL),(197,1,'event','http://twst.isart.me/o_1cfa6t7ma15vn18qtnq1gq01j59l.jpg',NULL,NULL,NULL,0,'2018-06-06 17:31:59','2018-06-06 17:32:35',NULL),(198,2,'ad',NULL,NULL,'1111',NULL,0,'2018-06-07 13:30:22','2018-06-07 13:30:22',NULL),(199,3,'ad','http://twst.isart.me/o_1cfcceb0jv8p745157kmg9q82a.jpg',NULL,NULL,NULL,0,'2018-06-07 13:46:29','2018-06-07 13:46:42','2018-06-07 13:46:42'),(200,3,'ad',NULL,NULL,'333333',NULL,0,'2018-06-07 13:47:27','2018-06-07 13:47:27',NULL),(201,3,'ad',NULL,NULL,'333333333',NULL,1,'2018-06-07 13:47:37','2018-06-07 13:47:37',NULL),(202,3,'ad','http://twst.isart.me/o_1cfccgl9dfgp1ea61d3or8b19a6a.jpg',NULL,NULL,NULL,2,'2018-06-07 13:47:46','2018-06-07 13:47:46',NULL),(203,4,'ad',NULL,NULL,'12341244',NULL,0,'2018-06-07 14:02:45','2018-06-07 14:08:28',NULL),(204,4,'ad',NULL,NULL,'66666llllllll',NULL,1,'2018-06-07 14:08:19','2018-06-07 14:08:28',NULL);

#
# Structure for table "t_user_info"
#

CREATE TABLE `t_user_info` (
  `id` int(11) NOT NULL AUTO_INCREMENT,
  `nick_name` varchar(45) DEFAULT NULL,
  `avatar` varchar(255) DEFAULT NULL,
  `phonenum` varchar(45) DEFAULT NULL,
  `xcx_openid` varchar(255) DEFAULT NULL,
  `fwh_openid` varchar(255) DEFAULT NULL,
  `unionid` varchar(255) DEFAULT NULL,
  `gender` varchar(45) DEFAULT '0',
  `level` varchar(45) DEFAULT '0',
  `score` int(11) DEFAULT '0',
  `status` varchar(45) DEFAULT '1',
  `token` varchar(45) DEFAULT NULL,
  `type` varchar(45) DEFAULT '0',
  `province` varchar(45) DEFAULT NULL,
  `city` varchar(45) DEFAULT NULL,
  `created_at` datetime DEFAULT NULL,
  `updated_at` datetime DEFAULT NULL,
  `deleted_at` datetime DEFAULT NULL,
  PRIMARY KEY (`id`)
) ENGINE=InnoDB AUTO_INCREMENT=163 DEFAULT CHARSET=utf8;

#
# Data for table "t_user_info"
#

INSERT INTO `t_user_info` VALUES (83,'@戏子入画','https://wx.qlogo.cn/mmopen/vi_32/DYAIOgq83eq2yKb8TBr0yrtADy1JmfCqmolJkVaSBEwuesrJTicW8vg7mZudcQEuwUywnNeNMvHpw8zZyFzbJaA/0','15640413008','oDHLD5IGe4Rde5HiM_Mwk1hKHCeg1111',NULL,NULL,'1','0',0,'1','1355713AE663671DC301E19EC15F0056','0','Liaoning','Shenyang','2018-03-06 01:00:12','2018-05-15 10:40:55',NULL),(84,'大风起兮','https://wx.qlogo.cn/mmopen/vi_32/PiajxSqBRaEJQXvvBWibak5NM7JTZKcicibqPByE2T3asUc6ftuDOO4Pf2EQBTGdLVhLDGQenMRrnzVqZI9AHsicPNA/0','15600021111','oDHLD5PDEQOaZ_yA9WNxVAHJkd7w1111112222',NULL,NULL,'1','0',0,'1','A3C1118B0CBE603517FF7288AC1EA94A','0','Beijing','East','2018-03-07 08:22:21','2018-05-14 10:08:23',NULL),(86,'庞什么','https://wx.qlogo.cn/mmopen/vi_32/DYAIOgq83eptDDGnEbU9kQZUBM5yXJw510iaI6kialt1f85xcOGcjbsgp6MgOFTHJm7NS7ORADy9BiaM03BAhDfVA/0','18610264855','oDHLD5JpFMNHi7rBwKglAJ4rtn_0',NULL,NULL,'2','0',0,'1','840B6BB24548BC7F3C66FD0B1B590A9D','0','Beijing','Chaoyang','2018-03-08 03:09:27','2018-05-31 11:11:11',NULL),(88,'怡然自得','https://wx.qlogo.cn/mmopen/vi_32/ZSLa1xmCsGs9c2HicWdUtNsXwP52FlAHWEz2gkZ7jbuVTEHLqpGQl6kFJVWmpTUiaib2zAsTE0SbyMgsamhYkdEOQ/0','','oDHLD5PwG5SdnLcLrQsL-C_4DmBE',NULL,NULL,'1','0',0,'1','2E109BDA7C67B388014A6A95775696CD','0','Sichuan','Yibin','2018-03-19 06:51:09','2018-03-19 06:51:09',NULL),(89,'M孟扬','https://wx.qlogo.cn/mmopen/vi_32/Q0j4TwGTfTLTsoHy6ntjFR2Zl6rCYic7PyjR2AnNBSBlNcgHbUnc1DA2YPBHnzBgiaia8iaQ6PWd03WicOIo9icf0Jkw/0','18211025368','oDHLD5JKL92IuKbWtsxyxmrLmtwQ',NULL,NULL,'1','0',0,'1','E0B1D92DC3B40947AF0C39CAB1C6CD68','0','Beijing','Chaoyang','2018-03-20 03:40:11','2018-05-03 09:34:14',NULL),(91,'黑黑','https://wx.qlogo.cn/mmopen/vi_32/JlCOx3EMhBMnmsrE3U0olk3SDqicAKbfO1N8868BOqInkia1zIMAIB12m6OXULFBcp1l4QmicqtibjZuEUGqxVxzJA/0',NULL,'oDHLD5GvvF0Qgxbouf4WqGTY8K54',NULL,NULL,'1','0',0,'1','B53CA9143250F8792B9BD4D6CC407DC8','0',NULL,NULL,'2018-03-22 12:11:52','2018-03-22 12:11:52',NULL),(92,'张新-n3℡¹⁸⁶¹⁴⁰⁷¹⁵⁸⁹','https://wx.qlogo.cn/mmopen/vi_32/DYAIOgq83epcTglZxhMZHYcFoOVvk1yU4mBFUkyHaO2wT1p1icIH0oAnES7FmQJGCwgaBWlRUSEtiatQLbazMx0w/0','18614071589','oDHLD5FAmsd9Ku1AfMLIE0yUBghM',NULL,NULL,'1','0',0,'1','97CB1A55446877B73EF4469AD2C0E4C5','0',NULL,NULL,'2018-03-26 02:01:40','2018-05-14 10:06:40',NULL),(93,'小八','https://wx.qlogo.cn/mmopen/vi_32/TmFmRPPBHIweOibjs7OZ9sghDCMOR7pxK9e8SlY8D3a7h7lbz3aVPk0tJdyKm591FouN8XfTfl6tIfu8g3KKoxw/0','17600699961','oDHLD5E18AH2VSeIwhsmW6sUq2NQ',NULL,NULL,'2','0',0,'1','849DFEFB389E9EFE9ED555A63D4F6C5D','0',NULL,NULL,'2018-03-26 02:02:27','2018-05-30 08:40:53',NULL),(94,'郭辰嫘～暖立方传媒','https://wx.qlogo.cn/mmopen/vi_32/Q0j4TwGTfTLSFicOMOudy1hhpRmribMxwzic4IETt0flvGuzl8YdKhrCTceUxMwOBtFlRhPtzfjI4VOwJULZKsKIQ/0','13811986234','oDHLD5M6y_lmCVYhvV0z1hP0ym9s',NULL,NULL,'2','0',0,'1','95ADA915878C8EBAD9DA894F43DF92D6','0','Beijing',NULL,'2018-03-26 10:39:53','2018-05-29 16:11:57',NULL),(95,'小耳朵','https://wx.qlogo.cn/mmopen/vi_32/ZV0iauuDiaVdATgQBloQ8BaTCiao32rqfZ4J8AKYcytsIRSloVswibsR8bJLAMVWeMNCW9fxrQ5EH2vJibQhpeLeC0w/0',NULL,'oDHLD5FDCEKVNj1Gx3sQQEkuzIfs',NULL,NULL,'2','0',0,'1','920E90048EA71A734969F5C1DABD6898','0','Liaoning','Shenyang','2018-03-28 01:58:58','2018-03-28 01:58:58',NULL),(96,'草木人儿','https://wx.qlogo.cn/mmopen/vi_32/DYAIOgq83ep8AJ219RRenpz0xDHCV2nHiariaDLNNH2HbGzWlDiazJkRUcPhAv1TKN1C5L7qN8rB1SzFNTcLthicKQ/0',NULL,'oDHLD5P3ZfdZS9nTqYaKt9IXF2vk',NULL,NULL,'1','0',0,'1','429C00A620D6B0806F38BB6ED500BFB5','0','Hubei',NULL,'2018-03-29 07:55:18','2018-03-29 07:55:18',NULL),(97,'卐战旗','https://wx.qlogo.cn/mmopen/vi_32/Q0j4TwGTfTLXT4loXXpibHWQ9nhbaukgIhRAF5RwLsnOhkB1JHdy0jHVtyTtxIMsE4Sbaib1rzicAIyGnEqGPnDyw/0',NULL,'oDHLD5CZDBTXVaCm8HI2avxsULvQ',NULL,NULL,'1','0',0,'1','4364948FCC64CC53179838DCD930A2A7','0','Yunnan','Baoshan','2018-04-03 13:19:09','2018-04-03 13:19:09',NULL),(98,'刘海舰','https://wx.qlogo.cn/mmopen/vi_32/Q0j4TwGTfTJWSh8ibBBLAZ6z0JCsgZauVhSXxeCP6I72UeBemHJP7JDTOLDibC4BBTT5ukpbwJKZt2wbkwLEbZjQ/0','18614079208','oDHLD5CkX-yVp5ey0FwAIdh-1l7I',NULL,NULL,'1','0',0,'1','F96DC0D5DE42563BB1380B307BD030B1','0','Beijing','Chaoyang','2018-04-08 12:38:00','2018-06-13 16:18:39',NULL),(99,'233','https://wx.qlogo.cn/mmopen/vi_32/Q0j4TwGTfTKvibPMVibTP85uaMh322tLdnHawDxibEtRbhiaFHriaugRfZibianic615AaEcqZIAPmDO0iaBKT3wNWsxlKA/0',NULL,'oDHLD5HMBSpmfCUEuInDDOAyqWdk',NULL,NULL,'1','0',0,'1','5D2074BA3AB570A22BB93337F4057524','0','Hubei','Yangyang','2018-04-08 17:07:48','2018-04-08 17:07:48',NULL),(100,'秦 奋','https://wx.qlogo.cn/mmopen/vi_32/PiajxSqBRaEL72ib4JyuRpLqxMvN85HXxRsTdeTnEVcSaLfc2eGR2YvOoZSxCM91OictprPqFJWfc1x2U04Bz9NKQ/0',NULL,'oDHLD5Jynj4PutX1OVCeb6VsNg3s',NULL,NULL,'1','0',0,'1','8B392B50E8551E4E23FCE225CA46C88B','0','Hebei','Cangzhou','2018-04-09 20:03:00','2018-04-09 20:03:00',NULL),(101,'地暖模块 干式地暖厂家','https://wx.qlogo.cn/mmopen/vi_32/wbX1FSnSqD7vsXzRBT5guPXM9BY1hY2sRXyejIuI2tObe35zmMh8000yNrK2ORQwXFAnhHiaXctV8Orx88GetNg/0',NULL,'oDHLD5PRR-Me4Sa05yzS8m070L-M',NULL,NULL,'1','0',0,'1','2C39298CC2C9AA035ED297D065909CE5','0','Beijing',NULL,'2018-04-20 23:26:18','2018-04-20 23:26:18',NULL),(102,'暖通  杨仁杰','https://wx.qlogo.cn/mmopen/vi_32/oibpAF8ZG143QbOjtr0BPZaU8F6ythSicXuBrdBvhLvhkBxMAbflEr9bnAibVqgdXsCh4kc9dib8RgP068rWTMsulQ/0',NULL,'oDHLD5HdE0EUNCw5miS2Z4QdFcVc',NULL,NULL,'1','0',0,'1','91C080D65C30EA18AB70234A69DA7A72','0',NULL,NULL,'2018-04-21 22:17:55','2018-04-21 22:17:55',NULL),(103,'A.O史密斯家庭采暖阿梁','https://wx.qlogo.cn/mmopen/vi_32/Q0j4TwGTfTL25KTLTjCL7dXdRWkqSP8W28qrRu1Z2H10J9ic2KLyKF9jYpK6s4csmbfO1xib9H9zXA0BnRpryIibQ/0',NULL,'oDHLD5Fbf5g_VF4jElWfikjMchOM',NULL,NULL,'1','0',0,'1','0D79E2E0A01736A0516CC79D313715FF','0',NULL,NULL,'2018-04-22 12:04:25','2018-04-22 12:04:25',NULL),(104,'TerryQi','https://wx.qlogo.cn/mmopen/vi_32/Q0j4TwGTfTLIQxicGuURvbkDDUebZHR9uHKyK9A4jl4LMoZiceAeic3Fx9cjoY94xXN2piaT6iaD6DQpebHukyIO6IQ/0','13941832380','oDHLD5BVj3mjchbZp9EoHuFH2NKI0000',NULL,NULL,'1','0',0,'1','82F7481285E264C6029E3CC8CF2EC03C','0','Liaoning','Shenyang','2018-04-30 13:39:57','2018-05-30 10:06:20',NULL),(105,'rdgztest_DWOMTK',NULL,NULL,'oDHLD5EPxBEdb332OHy8_x9pO3Xw',NULL,NULL,'0','0',0,'1','DE55E5076B4B28C2322238B2841B69B6','0',NULL,NULL,'2018-05-01 12:27:59','2018-05-01 12:27:59',NULL),(106,'rdgztest_MOHEWU',NULL,NULL,'oDHLD5JqwIO8t1fo4qWnVCZSeIPg',NULL,NULL,'0','0',0,'1','94688889C0FE878C29172E7A4D773987','0',NULL,NULL,'2018-05-01 12:28:44','2018-05-01 12:28:44',NULL),(107,'婷婷','https://wx.qlogo.cn/mmopen/vi_32/vzia0dwG6ZXINQXj6ZjYzZXPJ0btCTe7U9cSDQTA45LicRtoC8D4M6VJFJQ4WviarOmL3rWDNw1OHGsyhf7ItAuiaQ/0','18341328073','oDHLD5HhtvxyqbU7-_dDqQoTY55522',NULL,NULL,'2','0',0,'1','5012CEDDDBB104FDD99A014AB2CC95AB44','0','Liaoning','Jinzhou','2018-05-01 13:19:15','2018-06-08 14:41:36',NULL),(108,'刘振华Alan','https://wx.qlogo.cn/mmopen/vi_32/DYAIOgq83epTwRTBA4ByOuKCxibKRzXhtSUa3Iab3WhXJ6QwuB1r8Eb0uQVjcavy2mS3TjjOAFJWUhDeMXYO87A/0','18810258089','oDHLD5A5PC26a-Tf6MLFsgilMsvo',NULL,NULL,'1','0',0,'1','1BEEEF0A2370AF504E87122047A9AAE8','0','Beijing','Haidian','2018-05-02 18:08:07','2018-05-30 09:37:58',NULL),(109,'朱正德（演正）','https://wx.qlogo.cn/mmopen/vi_32/Q0j4TwGTfTIxvMP6OXzUiaF8un6UlKhjIoWQe4etr5BgCsNIOEyiajvialtticxCQSMbian1n3CaA0E4XeONUH61gvg/132','15210592172','oDHLD5PXD3SRDItzW9iBuoleNx7A',NULL,NULL,'1','0',0,'1','3BB25A0B13B4A4B5281F04328CAAC7F1','0','Beijing','Haidian','2018-05-14 10:05:06','2018-05-14 10:06:55',NULL),(110,'暖立方老张','https://wx.qlogo.cn/mmopen/vi_32/Q0j4TwGTfTIdW7yfmNiaMojJHusVZicrLjmoyZjaHEGGr1emibjFuqiaGGsPlrHK1VXJGW3Jrn4f6cvhCWBC4oQTlA/132','18101095811','oDHLD5DKIHPLm-Ne4KEOpMdxSuA4',NULL,NULL,'1','0',0,'1','C54995CE99CC96CE60F8A6D77CAFFFB7','0','Beijing','Chaoyang','2018-05-14 10:05:54','2018-05-14 10:08:11',NULL),(111,'电商产品经理人websun','https://wx.qlogo.cn/mmopen/vi_32/DYAIOgq83eo7eT3ZE0ibbz7bDb96h6POSceUwnMbYoOr29elbFjJO2NNtDjqKFxRB4lYMibjCWkGhsYXkEQ43zEA/132','15374786619','oDHLD5JjLsqYc7nIsGScnNfy0-IE',NULL,NULL,'1','0',0,'1','23E725309494C85D484EFB5A06D3B3E9','0','Beijing','Haidian','2018-05-14 14:56:01','2018-05-14 14:57:27',NULL),(112,'测试微信','https://wx.qlogo.cn/mmopen/vi_32/4J38UQcHVEFMCfKccBk65wic8gxsicQHBmMTtFoRFU1sLt1BRQibQKw5leuCwZKIyTQm3L2xMrEBPR8MqiaRLY0uibg/132',NULL,'oDHLD5G4cwNEjwbhoW5lXdlKSF2s',NULL,NULL,'1','0',0,'1','F5F6A4B8980A6715207EE038DB8FCF31','0','Liaoning','Shenyang','2018-05-15 10:43:32','2018-05-15 10:43:32',NULL),(113,'雪宁','https://wx.qlogo.cn/mmopen/vi_32/IyatSVd1ttFXLUicnzg9Auib6lxnGcZKJ6CQrAYxDxRlDB5ltUXumlV9iagzrQW95RFSgqEiaic6Vz4tWGh9ThDDAFg/132',NULL,'oDHLD5LHT9F9pyyNlVWZkLuxIuBQ',NULL,NULL,'0','0',0,'1','E77E5D2CB68626C74FD2F744CB53F940','0',NULL,NULL,'2018-05-15 10:44:23','2018-05-15 10:44:23',NULL),(114,'冯雪艳 暖立方','https://wx.qlogo.cn/mmopen/vi_32/Q0j4TwGTfTJVvqcQm812lWzsaldqWZefcqNVbFicNIHQQdOYYmqNwh7V1uIXxbcU3YvhXs3AViagMFVkToXfVkag/132','18601979224','oDHLD5CHAdDXevSwYHcyi9vmID3g',NULL,NULL,'2','0',0,'1','5A1F5A8C61D684E547F2289DDD10E298','0','Beijing','Chaoyang','2018-05-15 13:23:50','2018-05-30 08:32:53',NULL),(115,'樊海峰','https://wx.qlogo.cn/mmopen/vi_32/oU001CVrZfvpD11a9X49sqZgNM0lsTnRLI4D51WNPWUhRkKqsqD7cd6noczvsTzibicWXZQpia5qjicNxEJNCacT0g/132','13161453802','oDHLD5PrOH776JTpkinuVBKa5zd0',NULL,NULL,'0','0',0,'1','4B6D21B7536C15629484F3F499FB999F','0',NULL,NULL,'2018-05-16 15:10:09','2018-05-18 12:59:47',NULL),(116,'肖申克的救赎.','https://wx.qlogo.cn/mmopen/vi_32/Q0j4TwGTfTKc2mia43C3uvI1MR7vdecc6nF2JQMLZJlPZHQ3RuBHSvkRUKKNQqbzUibtGd5I3fKM9bTHlohBwQ5A/132',NULL,'oDHLD5JjY4s2DaVQL9inU3SX3eQI',NULL,NULL,'2','0',0,'1','B311761B96C90C1EEED1624997E90CDA','0','Shandong','Dezhou','2018-05-17 16:00:16','2018-05-17 16:00:16',NULL),(117,'杯中酒《陈》','https://wx.qlogo.cn/mmopen/vi_32/aibxicJmu23HXt54wTZgkiarhS2npnHsaXE4WlLgDZBQ2PVl7OV0SplPibAHuc3pGpiaevzvYU30MJ0SvSZzwvbw8Xg/132',NULL,'oDHLD5KzyQJvB-4SLOB0SwSHTfgA',NULL,NULL,'1','0',0,'1','B4A5E73F5A51E59663D7A1C6D2F407AE','0','Guizhou','Guiyang','2018-05-19 13:28:30','2018-05-19 13:28:30',NULL),(118,'rdgztest_RLMXAJ',NULL,NULL,'oDHLD5MHI4AZupXIPF_zXabzvxXo',NULL,NULL,'0','0',0,'1','86BAE7212EC6BF98AEEC12BCADD4EAE5','0',NULL,NULL,'2018-05-20 02:03:10','2018-05-20 02:03:10',NULL),(119,'Y.','https://wx.qlogo.cn/mmopen/vi_32/Q0j4TwGTfTJvzxYb7tjSiarmGfxSyABwgt2qJcU230ZTyWGXupJvZ6BthI8YaU6np7nH0YGicUjxxkhUdmoqkBWA/132','18515499270','oDHLD5HV5dLepDqwNBPfif_LheW0',NULL,NULL,'1','0',0,'1','F1963C94D63C6C4AC05005ACC36E1DDA','0',NULL,NULL,'2018-05-21 10:07:46','2018-05-29 10:48:56',NULL),(120,'rdgztest_PEQJYG',NULL,NULL,'oDHLD5Dg2TZnesXXkliki4Dzp6iY',NULL,NULL,'0','0',0,'1','1D58E85E3B4D92F23D83C044290E585C','0',NULL,NULL,'2018-05-21 23:26:45','2018-05-21 23:26:45',NULL),(121,'rdgztest_VDSXFI',NULL,NULL,'oDHLD5AuBUN91mOe8VH3_WgMirwA',NULL,NULL,'0','0',0,'1','271A04B8422F272BB09E080EFCD59785','0',NULL,NULL,'2018-05-22 09:08:11','2018-05-22 09:08:11',NULL),(122,'侯工','https://wx.qlogo.cn/mmopen/vi_32/qsxkMxh6rhQRmjbnrr2CSozSdl0JaAVIktplgGpBJlyCwyN80dljbrLiawib5ZxrV5iaSqsXcXonvgZCawMo3ajZA/132','18618169229','oDHLD5GL_Vl7x7SfpF_zVB16wtZM',NULL,NULL,'1','0',0,'1','61AF2E5203D39D4EDACB07B30BCF112E','0',NULL,NULL,'2018-05-22 18:55:07','2018-05-30 07:26:43',NULL),(123,'rdgztest_IXTJUN',NULL,NULL,'oDHLD5Pt0neuYYqki379Y7tga8eY',NULL,NULL,'0','0',0,'1','2023DFC68D53BAADC8DC3D9E49DB299E','0',NULL,NULL,'2018-05-22 19:34:11','2018-05-22 19:34:11',NULL),(124,'杨晓 暖立方','https://wx.qlogo.cn/mmopen/vi_32/Q0j4TwGTfTIgmTmPKhIBJDyvwbuLZm077pjpbTD7zMz0Fu4QWE4mA9ruHNpQiap4wricjIOewjzm9JX9Vd4ztg1A/132','15101012608','oDHLD5B5hmOchPzOegiAHx0nOsbs',NULL,NULL,'1','0',0,'1','4317B5C8AA9D24395F547856CB140862','0','Beijing',NULL,'2018-05-25 09:51:42','2018-05-25 09:52:53',NULL),(125,'睿腾暖通～周林18684725877','https://wx.qlogo.cn/mmopen/vi_32/rdtIQZpblu3LLcGv8iaPTiaOiaicvljEWzSDJ5alxfXH4C0J3icbdNTOH8jaUBW8TCaen4Xwrsoftyns7AEZJibZ01HQ/132',NULL,'oDHLD5J5rh7NzCp7jQ1JTudYRVAY',NULL,NULL,'1','0',0,'1','D6DDAEF506510199C98D84A4372FC164','0','Hunan','Changsha','2018-05-28 18:19:55','2018-05-28 18:19:55',NULL),(126,'911 OG','https://wx.qlogo.cn/mmopen/vi_32/DYAIOgq83eqiaicPkhQE4iciavyPqpcRuNjicZw71QGVvh4YJRnEGLYmJ2rrIMrkn2vlZhzRXuSBx8ytyHZqSib3SODw/132','13931439870','oDHLD5OrPqPBzKKNldpr2w5TNvic',NULL,NULL,'1','0',0,'1','8513CFDA1EF1DA42293779CCB4A82B83','0','Kowloon City',NULL,'2018-05-29 13:12:29','2018-05-30 09:19:27',NULL),(127,'-董好多','https://wx.qlogo.cn/mmopen/vi_32/hbl8y4dicvmVf30icsf1zP2fPG2stwu9ic0zribN3L9t7n9746GeAvcnCeEkSIRCjd9MBUrxcfH5dmWrYQ7kuL1zjw/132','18610933295','oDHLD5EHqwA8P5s2Ean18HXIt4Oo',NULL,NULL,'2','0',0,'1','2D99C609FC92EAA617D89DEE7B36812C','0','Zurich',NULL,'2018-05-29 13:19:10','2018-05-29 15:41:50',NULL),(128,'暖立方传媒朱乐乐','https://wx.qlogo.cn/mmopen/vi_32/Q0j4TwGTfTIicPpCMXXumP90hVG66mtbDVMoCUMYveBwwd2r7tl9MRWKh1C0rBvIvhEzqKqoTqsvlgibVH6WP9Ug/132','15801438796','oDHLD5Mw-HsOZXqdo4VaLcZoQv-w',NULL,NULL,'2','0',0,'1','CD2C62869A9280382DF581B71795CF30','0','Beijing','Chaoyang','2018-05-29 16:11:11','2018-05-30 08:50:54',NULL),(129,'暖立方杨阳','https://wx.qlogo.cn/mmopen/vi_32/FR45iaWKnDESAyMoz1V87wk3U5Xv24VqAGjPwzJxIAfnewes2eX7MMiaBQfKcFoiber6r0GPJSqLXOBoyXbqIgmjQ/132','18518952272','oDHLD5JhoOQ7ACeWaf_-RMQhNOSc',NULL,NULL,'2','0',0,'1','85699E3A62956CADD1605690AC13AA66','0','Beijing',NULL,'2018-05-29 16:15:22','2018-05-29 16:15:53',NULL),(130,' 张丽18910601523','https://wx.qlogo.cn/mmopen/vi_32/E7KWM2qibQXfAYzLicmQ2dbGicqaiaibcOxt2COAHbkUJQaicyFxUV0AwiacHt1m36gFRawfqTKFAPGWawqLus56RbMNw/132',NULL,'oDHLD5D-0-G_zV0f9WC2nMHZKCu4',NULL,NULL,'0','0',0,'1','6D63D5F928AC2455EC587518CAD36C84','0',NULL,NULL,'2018-05-30 06:44:32','2018-05-30 06:44:32',NULL),(131,'杨荔 【暖立方】','https://wx.qlogo.cn/mmopen/vi_32/Q0j4TwGTfTL0fNqib3DP66LoDJibWGVOhQAwo1SHuSIMrQcmRhIRF5IaxNX1Fyv6g1jzehRJfcibcNoBw1tZfsqzw/132','18601967724','oDHLD5PsprgHirNoD492Y41LwElw',NULL,NULL,'2','0',0,'1','4813D566E5D5AB90EBB6D28103C41D24','0','Beijing','Chaoyang','2018-05-30 06:45:04','2018-05-30 06:45:28',NULL),(132,'暖立方谷粒','https://wx.qlogo.cn/mmopen/vi_32/Q0j4TwGTfTKs54AQ0epMC3PoYmiasmOnKhkDrgPA7bRmIEa5ZSnEibq8GFOwnBrcR8Lib9XHxJqP0fP3w6JNibUZKw/132','13897905639','oDHLD5FFmT_8dnoHddw8_WG5C8_c',NULL,NULL,'2','0',0,'1','D7A9AD4618B2A59C50285776D6C169EE','0','Offaly',NULL,'2018-05-30 06:59:30','2018-05-30 09:35:10',NULL),(133,'小呆呆Ya!','https://wx.qlogo.cn/mmopen/vi_32/DYAIOgq83epfZndk1lgsPOlb8TA90nYfCw0juIzTMutaE0GUymY7kcyEX2aVQ1jbQzyDWDKeqh0xUKYPfgFpqg/132',NULL,'oDHLD5IMOryMraa4GHkODb6zW1aA',NULL,NULL,'1','0',0,'1','0E365AE7F58CE919CE87DA5FB83F9DE5','0','Liaoning','Jinzhou','2018-05-30 07:19:09','2018-05-30 07:19:09',NULL),(134,'暖立方-孟鑫','https://wx.qlogo.cn/mmopen/vi_32/Q0j4TwGTfTKiaNE2exrrku42x807bjHK3icWoNTkMWAmx9CoxwQ1ibQG0Zdvp4cKiaLDMMkxLvrrhmC17FkwticXS4w/132','13842017496','oDHLD5DGom82a3WZbTJeBlJgf5gY',NULL,NULL,'2','0',0,'1','C12BBCFA206DDA896257CED3B036AA4F','0','Beijing','Chaoyang','2018-05-30 07:28:59','2018-05-30 07:29:25',NULL),(135,'天涯','https://wx.qlogo.cn/mmopen/vi_32/kk4heibWuN6qZT9wQoDTyyVFd8ic4lY8orpnheCe6YqjfcBia1sT9LC9J8fR9GLHicvIRPVkPvbAtDGhxsGeiaA4wUw/132','13331113912','oDHLD5OO1iG_Xwv4SfJ5Fx0eAdAc',NULL,NULL,'1','0',0,'1','2C36EDEF1DD943E558A5F27D377E72BF','0','Beijing','Fengtai','2018-05-30 07:34:43','2018-05-30 08:41:16',NULL),(136,'天涯','https://wx.qlogo.cn/mmopen/vi_32/kk4heibWuN6qZT9wQoDTyyVFd8ic4lY8orpnheCe6YqjfcBia1sT9LC9J8fR9GLHicvIRPVkPvbAtDGhxsGeiaA4wUw/132',NULL,'oDHLD5OO1iG_Xwv4SfJ5Fx0eAdAc',NULL,NULL,'1','0',0,'1','D53EA1A1C9C653C934D45FA9F55B6FCB','0','Beijing','Fengtai','2018-05-30 07:34:43','2018-05-30 07:34:43',NULL),(137,'于宝健（扬子光波房京唐包总经销）','https://wx.qlogo.cn/mmopen/vi_32/Q0j4TwGTfTLI9zvzRiboMkvQAGWWro9KflpRIAsYDj53eEYfXxfyv0eYEo0NOLFPPxBLGxLab2HXysTgKFhfOlw/132',NULL,'oDHLD5Bq_njH-CrFaQYU6i9YZwxA',NULL,NULL,'1','0',0,'1','94D12C7D585EE47DB61CA3FEC13ED904','0','Hebei','Tangshan','2018-05-30 09:09:19','2018-05-30 09:09:19',NULL),(138,'李悦～暖立方传媒','https://wx.qlogo.cn/mmopen/vi_32/Q0j4TwGTfTLC5nTXrFuKIGcaCStVoTdibQIvmUpsBF5Nlv34ljRs0zau9nbdG17AicdrXYumuxNiayR5IseqTmK7g/132','18911005287','oDHLD5LTIKtnS7u1RuBRWmOptu9U',NULL,NULL,'2','0',0,'1','CFFA21950EFF548D4228D25142F634F0','0','Beijing','Chaoyang','2018-05-30 09:43:25','2018-05-30 09:44:05',NULL),(139,'TerryQi','https://wx.qlogo.cn/mmopen/vi_32/Q0j4TwGTfTLIQxicGuURvbkDDUebZHR9uHKyK9A4jl4LMoZiceAeic3Fx9cjoY94xXN2piaT6iaD6DQpebHukyIO6IQ/132','15840345959','oDHLD5BVj3mjchbZp9EoHuFH2888',NULL,NULL,'1','0',0,'1','FDC1B65D7283FADDFCF7C3AB6F21E743','0','Liaoning','Shenyang','2018-05-30 14:08:58','2018-05-30 22:42:22',NULL),(140,'^_^ 平 ^_^','https://wx.qlogo.cn/mmopen/vi_32/Q0j4TwGTfTLSlfdQtKibeWnmTFnotIS1nZ2EPqKyx5yWibY5Crdv6WzuL3z5fNYW2q99b4KiarpOOIAk2icSJMk1zA/132','13552474880','oDHLD5OA2Vo05S-qivbOrwasvNWI',NULL,NULL,'1','0',0,'1','80B1BEB784BCA682A82CEAF8F2E926AE','0','Beijing','Fengtai','2018-05-31 09:33:00','2018-05-31 09:33:37',NULL),(141,'冷凝คิดถึง','https://wx.qlogo.cn/mmopen/vi_32/DYAIOgq83eopp5XRvhiajLdJSzH7huDSXQDWzYeqo66dW4hpYRQjwDXKV0Ed6PdpM2EsgUR20gvI1vPw3KicuWrA/132',NULL,'oDHLD5FfxtnHKAXxhs8B3Nq-BVik',NULL,NULL,'2','0',0,'1','8EC93A923553BDD8F7B2F5768E69C499','0','Beijing','Chaoyang','2018-06-01 11:41:55','2018-06-01 11:41:55',NULL),(142,'凉城凉心凉少年','https://wx.qlogo.cn/mmopen/vi_32/DYAIOgq83eqJsF5R5s5chXeYyFQ3ZrqdYvPczicrBoViaeb4f5MORC7Ijy4LyXBR9qxM8HVyLbiagDx6QxxYEwBqA/132',NULL,'oDHLD5Cv-Ug2_xABgFelF2Np6Ha8',NULL,NULL,'1','0',0,'1','E3A751778FCCD707FF903E34204B8774','0','Hubei','Wuhan','2018-06-01 15:24:16','2018-06-01 15:24:16',NULL),(143,'方玥','https://wx.qlogo.cn/mmopen/vi_32/Q0j4TwGTfTJ7pKr53F1WIHggPXDiaUVym2cdTFKicK40WYsV3vkicnCwiauDiakHW0eGsnIqy9vL4UibNxVC7SZ1Mz3w/132',NULL,'oDHLD5EQpUqeIb34_UuZD3WwVC4A',NULL,NULL,'2','0',0,'1','927DE614DCC21CBAD142E08C43180653','0','England','Nottingham','2018-06-07 16:38:32','2018-06-07 16:38:32',NULL),(144,'@戏子入画','https://wx.qlogo.cn/mmopen/vi_32/DYAIOgq83eq2yKb8TBr0yrtADy1JmfCqmolJkVaSBEwuesrJTicW8vg7mZudcQEuwUywnNeNMvHpw8zZyFzbJaA/132','15840345959','oDHLD5IGe4Rde5HiM_Mwk1hKHCeg',NULL,NULL,'1','0',0,'1','C950AD88D2FB4FBB39A46FA4CF64E06E','0',NULL,NULL,'2018-06-07 18:39:13','2018-06-07 18:41:36',NULL),(145,'一泓清水','https://wx.qlogo.cn/mmopen/vi_32/DYAIOgq83eo6LWpXbPSmCC8H4J1z4dVmlfzh5fX2ibBDeJ5ianPkwp4TxZuL7W3AHNVsIdCUFYuia2FOalZ2icXpTQ/132',NULL,'oDHLD5JH8ty8ZmboMJeLY3Hr27s0',NULL,NULL,'1','0',0,'1','C9896493AABEBC02C1162F026FEA2055','0','Shandong','Jinan','2018-06-08 08:36:53','2018-06-08 08:36:53',NULL),(146,'興趣使然','https://wx.qlogo.cn/mmopen/vi_32/DYAIOgq83erTZSedfRobibaW3Myxk3LZ6PJA7jlWcC9ngWhK2oQdvqlvU6ZHsWUUALmn6ib5iaC8Xdbnzr4jS6LJA/132',NULL,'oDHLD5G1NUJBk2kjLJpSxWsiJSpQ',NULL,NULL,'1','0',0,'1','FD16872F8947761251B2FD932002264F','0','Shandong','Zibo','2018-06-08 08:39:11','2018-06-08 08:39:11',NULL),(147,'我偷电动车养你好不好','https://wx.qlogo.cn/mmopen/vi_32/Tx0ic7tDf3cN9icldicnX8FUxLXIkGKTcLkJInMDoCFicoMMZG0mqjia1s5Vgg4rsQPWjcRSNOS4jdTMRKus94QQS2g/132',NULL,'oDHLD5LdO2C1bnpZacEDdPgD8jE8',NULL,NULL,'1','0',0,'1','E0E85049825D85A589A983E041C35A2B','0',NULL,NULL,'2018-06-08 08:41:02','2018-06-08 08:41:02',NULL),(148,'Smile   love','https://wx.qlogo.cn/mmopen/vi_32/Q0j4TwGTfTIVxfFJhXiasEyZ6eRdSTBW4UWOcotZaeRfP5PagelEt0bRTDGrFVgicE74mVzzpR7Uq43vbJbclstQ/132',NULL,'oDHLD5JHgmdbyJfmMQ1cfwvlRpbU',NULL,NULL,'1','0',0,'1','3A592987545EE5FAAADB67D93F7F3B4B','0','Shandong','Zibo','2018-06-08 08:47:24','2018-06-08 08:47:24',NULL),(149,'暖。','https://wx.qlogo.cn/mmopen/vi_32/rCk786KpPNzB3O3V15WV2LCbTu3pnnL6TzyGNMJZDb5j8I2icajX7PV55cx7nnjaUGXfKmSupDYyMicS8iabC6lFw/132',NULL,'oDHLD5DEfUz7jS7uKpBzZ5YPqYpM',NULL,NULL,'2','0',0,'1','7CE35014A34746665F8ACC1B688AC8E9','0','Hebei','Handan','2018-06-08 13:57:52','2018-06-08 13:57:52',NULL),(150,'TerryQi','https://wx.qlogo.cn/mmopen/vi_32/Q0j4TwGTfTLIQxicGuURvbkDDUebZHR9uHKyK9A4jl4LMoZiceAeic3Fx9cjoY94xXN2piaT6iaD6DQpebHukyIO6IQ/132','13941832380','oDHLD5BVj3mjchbZp9EoHuFH2NKI',NULL,NULL,'1','0',0,'1','D23669077454637F6CBBD4996A5F9607','0','Liaoning','Shenyang','2018-06-08 13:59:12','2018-06-08 16:00:31',NULL),(151,'*李扬～暖立方传媒*','https://wx.qlogo.cn/mmopen/vi_32/Q0j4TwGTfTKtZBDdmZVeUfMrRGkQ9o0cImWVTVPtG2GTx92TGoFvHSys6PwF7ghQqULsT1XTstrnCsvg0cq5ibg/132',NULL,'oDHLD5IbSty7WRmBvMeNvx4Km6HQ',NULL,NULL,'2','0',0,'1','559F532A302CF72D0DD44EB40562002C','0','Beijing','Chaoyang','2018-06-08 14:01:12','2018-06-08 14:01:12',NULL),(152,'大风起兮','https://wx.qlogo.cn/mmopen/vi_32/PiajxSqBRaEJQXvvBWibak5NM7JTZKcicibqPByE2T3asUc6ftuDOO4Pf2EQBTGdLVhLDGQenMRrnzVqZI9AHsicPNA/132','15600028878','oDHLD5PDEQOaZ_yA9WNxVAHJkd7w',NULL,NULL,'1','0',0,'1','D11D7B03429D0164D12629EC38E8D9D1','0',NULL,NULL,'2018-06-08 14:14:07','2018-06-08 14:14:36',NULL),(153,'婷婷','https://wx.qlogo.cn/mmopen/vi_32/vzia0dwG6ZXINQXj6ZjYzZXPJ0btCTe7U9cSDQTA45LicRtoC8D4M6VJFJQ4WviarOmL3rWDNw1OHGsyhf7ItAuiaQ/132','17624048396','oDHLD5HhtvxyqbU7-_dDqQoTYoEg',NULL,NULL,'2','0',0,'1','E9F24D1A53118FB2CE36B7105602091D','0','Liaoning','Jinzhou','2018-06-08 15:27:24','2018-06-09 12:35:06',NULL),(154,'Ai*杨 阳*','https://wx.qlogo.cn/mmopen/vi_32/Q0j4TwGTfTJZjQNfwkJNbp0OzM4LHnanTBZUbVflw8NalMrTge2aYAFcPlyW6veuoo19ufb6InbcrCfkPibVAkA/132','18801211720','oDHLD5C5DGV0_UfbfywhnrZcL4W4',NULL,NULL,'2','0',0,'1','D6C4E6403E6C5F161AEB72BD8E45B374','0','Shaanxi','Xi\'an','2018-06-08 16:27:59','2018-06-08 16:30:23',NULL),(155,'就让时间，来给我回答。','https://wx.qlogo.cn/mmopen/vi_32/Q0j4TwGTfTLxEySCn2IXXUJtLvcgYYnNL7nRruBrsmIyJeXF4ialQNJhEof2yZrbKGWgYtEjtX5936ZLBql4ib4g/132',NULL,'oDHLD5JADtFIk-CpjJU7pL8L5dLg',NULL,NULL,'1','0',0,'1','329F53970CAD58EED5956874B2032C46','0','Beijing','Fengtai','2018-06-08 17:15:34','2018-06-08 17:15:34',NULL),(156,'hihihihi','https://wx.qlogo.cn/mmopen/vi_32/Q0j4TwGTfTIJVibJUFchicyDBNFEoH7NewfqZQDicnzWktXvTCweGw7LFoL8vNTD3qicsZfkNK4PbayqHvOZ2kjH0A/132',NULL,'oDHLD5JGke_p9js86KC2ECgK3t_Q',NULL,NULL,'0','0',0,'1','C305CE063DE6037D31A99C42B0F2FAE4','0',NULL,NULL,'2018-06-09 17:46:17','2018-06-09 17:46:17',NULL),(157,'DR*','https://wx.qlogo.cn/mmopen/vi_32/Q0j4TwGTfTLVsa1ehtjC4v4J2UkvoSzFl1e2iagmNQO6dk11TA3L4VCr89uNMX4Xu5jgauOx8ZbfN1ghoZFh9bQ/132',NULL,'oDHLD5NvA5RQXBSU9kpHKDrlc6fc',NULL,NULL,'2','0',0,'1','009B318032100E3234AF3DE1CDAC4ADF','0',NULL,NULL,'2018-06-12 09:24:59','2018-06-12 09:24:59',NULL),(158,'测食鸡','https://wx.qlogo.cn/mmopen/vi_32/slN59fcvlNhaf4N7mQYibUkyJW75AqVPP4B3EUcgDTpAKIOHbMN5icZQ53G5WE90hTejKB9P1Gar4rtXfuxgvSwQ/132',NULL,'oDHLD5M5g4pxw8-KNv0PEOmcY-Ew',NULL,NULL,'0','0',0,'1','C42C1A1956D3224315B83E4D607CC6A6','0',NULL,NULL,'2018-06-12 19:14:44','2018-06-12 19:14:44',NULL),(159,'rdgztest_57967',NULL,NULL,'oDHLD5KjZm6LDFJRf8BBf-qyeLzo',NULL,NULL,'0','0',0,'1','6313C86AD841AD609F911D0B13416C8F','0',NULL,NULL,'2018-06-13 15:39:41','2018-06-13 15:39:41',NULL),(160,'rdgztest_92072','https://wx.qlogo.cn/mmopen/vi_32/Q0j4TwGTfTJxoV3C6H94w9owW2aNf20ibW3JfJDgbibtUy4HognNmh962ibcow1ZJH67ZxrDiciclddibsdqsic0jLuxw/132',NULL,'oDHLD5Lh4xmfOlkWGSFRJX7E99UE',NULL,NULL,'0','0',0,'1','26581480260C83CD16A4C3BE35CFB291','0',NULL,NULL,'2018-06-13 19:50:58','2018-06-13 19:50:58',NULL),(161,'luzia 嫘','https://wx.qlogo.cn/mmopen/vi_32/uTrYU9P1EQdyCCsjRZvAQ49ejnmyy2ibib6Gl2h7hMEoRxNjdhBbw6lZiamOicTZOTTEJwb0opn55dLPUvWBz5JDkQ/132',NULL,'oDHLD5KxrKan4yRQ3nq1IOFWtCjg',NULL,NULL,'2','0',0,'1','0770D8B93715DF201EFE58CBFD7BC57D','0',NULL,NULL,'2018-06-14 07:20:11','2018-06-14 07:20:11',NULL),(162,'测食鸡','https://wx.qlogo.cn/mmopen/vi_32/Q0j4TwGTfTJVib7Y7iajwAwouDicuLeZzh2ygMhhGHN7uqyvoMW9eia650LUzCPwR6Mialzs78LwCX5Mib2J9FAljw6A/132',NULL,'oDHLD5EpfJOW3jabiJdft8aFiVHQ',NULL,NULL,'0','0',0,'1','138CE186D3AF919C1AA4C4B82E202C69','0',NULL,NULL,'2018-06-15 17:09:08','2018-06-15 17:09:08',NULL);

#
# Structure for table "t_vertify_info"
#

CREATE TABLE `t_vertify_info` (
  `id` int(11) NOT NULL AUTO_INCREMENT,
  `phonenum` varchar(11) DEFAULT NULL COMMENT '手机号',
  `email` varchar(225) DEFAULT NULL COMMENT '邮箱',
  `code` varchar(45) DEFAULT NULL COMMENT '验证码',
  `status` int(11) DEFAULT '0' COMMENT '状态（0：未验证；1：验证）',
  `created_at` datetime DEFAULT NULL COMMENT '创建时间',
  `updated_at` datetime DEFAULT NULL,
  `deleted_at` datetime DEFAULT NULL COMMENT '删除时间',
  PRIMARY KEY (`id`)
) ENGINE=InnoDB AUTO_INCREMENT=181 DEFAULT CHARSET=utf8 COMMENT='验证码表';

#
# Data for table "t_vertify_info"
#

INSERT INTO `t_vertify_info` VALUES (1,'18341358243',NULL,'5253',0,'2018-04-25 11:45:29','2018-04-25 11:45:29',NULL),(2,'18341328073',NULL,'6027',0,'2018-04-25 11:53:32','2018-04-25 11:53:32',NULL),(3,'17624048396',NULL,'7904',1,'2018-04-29 11:17:56','2018-04-29 11:18:29',NULL),(4,'17624048396',NULL,'4216',1,'2018-04-29 11:19:10','2018-04-29 11:19:24',NULL),(5,'18341328073',NULL,'9301',1,'2018-04-29 11:22:48','2018-04-29 11:23:08',NULL),(6,'15640413818',NULL,'6652',0,'2018-04-29 14:03:19','2018-04-29 14:03:19',NULL),(7,'15640413818',NULL,'0831',0,'2018-04-29 14:12:22','2018-04-29 14:12:22',NULL),(8,'15640413818',NULL,'4488',0,'2018-04-29 14:13:13','2018-04-29 14:13:13',NULL),(9,'18341328073',NULL,'7016',1,'2018-04-29 14:31:47','2018-04-29 14:32:05',NULL),(10,'15640413818',NULL,'1068',1,'2018-04-29 14:34:51','2018-04-29 14:35:07',NULL),(11,'15640413818',NULL,'1067',0,'2018-04-29 14:50:14','2018-04-29 14:50:14',NULL),(12,'15640413818',NULL,'8732',0,'2018-04-29 14:51:47','2018-04-29 14:51:47',NULL),(13,'15640413818',NULL,'4729',0,'2018-04-29 14:53:40','2018-04-29 14:53:40',NULL),(14,'15640413818',NULL,'0407',0,'2018-04-29 14:55:57','2018-04-29 14:55:57',NULL),(15,'15640413818',NULL,'5223',0,'2018-04-29 14:57:25','2018-04-29 14:57:25',NULL),(16,'15640413818',NULL,'7916',1,'2018-04-30 13:21:32','2018-04-30 13:21:42',NULL),(17,'18211025368',NULL,'0716',1,'2018-05-03 09:34:05','2018-05-03 09:34:14',NULL),(18,'15640413818',NULL,'5222',1,'2018-05-03 13:19:11','2018-05-03 13:19:19',NULL),(19,'15640413818',NULL,'2451',1,'2018-05-03 13:19:25','2018-05-03 13:19:33',NULL),(20,'18614079209',NULL,'8055',0,'2018-05-12 13:48:55','2018-05-12 13:48:55',NULL),(21,'18614071589',NULL,'3136',1,'2018-05-14 10:06:34','2018-05-14 10:06:40',NULL),(22,'15210592172',NULL,'3158',1,'2018-05-14 10:06:42','2018-05-14 10:06:55',NULL),(23,'18101095811',NULL,'1353',1,'2018-05-14 10:07:51','2018-05-14 10:08:11',NULL),(24,'15600028878',NULL,'4821',1,'2018-05-14 10:08:10','2018-05-14 10:08:23',NULL),(25,'15374786619',NULL,'3973',1,'2018-05-14 14:57:07','2018-05-14 14:57:27',NULL),(26,'15640413818',NULL,'7594',1,'2018-05-14 18:45:56','2018-05-14 18:46:06',NULL),(27,'15640413818',NULL,'0289',1,'2018-05-14 18:46:21','2018-05-14 18:46:29',NULL),(28,'13812345028',NULL,'1708',0,'2018-05-15 09:02:17','2018-05-15 09:02:17',NULL),(29,'15640413818',NULL,'4638',1,'2018-05-15 10:32:10','2018-05-15 10:32:23',NULL),(30,'15640413818',NULL,'4890',0,'2018-05-15 10:33:24','2018-05-15 10:33:24',NULL),(31,'18002493836',NULL,'1351',1,'2018-05-15 10:35:12','2018-05-15 10:35:25',NULL),(32,'15640413818',NULL,'2282',1,'2018-05-15 10:40:08','2018-05-15 10:40:17',NULL),(33,'15640413818',NULL,'0300',1,'2018-05-15 10:40:48','2018-05-15 10:40:55',NULL),(34,'15640413818',NULL,'4308',0,'2018-05-15 10:45:29','2018-05-15 10:45:29',NULL),(35,'15374786619',NULL,'3864',1,'2018-05-15 21:30:39','2018-05-15 21:31:03',NULL),(36,'15374786619',NULL,'0442',1,'2018-05-15 21:31:28','2018-05-15 21:31:46',NULL),(37,'15374786619',NULL,'4144',1,'2018-05-15 21:32:41','2018-05-15 21:32:58',NULL),(38,'18211025368',NULL,'4600',1,'2018-05-16 09:15:49','2018-05-16 09:16:00',NULL),(39,'15840345959',NULL,'6508',1,'2018-05-17 19:24:30','2018-05-17 19:24:44',NULL),(40,'15600028878',NULL,'2399',1,'2018-05-17 19:24:59','2018-05-17 19:25:08',NULL),(41,'15640413818',NULL,'8531',1,'2018-05-18 10:33:16','2018-05-18 10:33:29',NULL),(42,'13161453802',NULL,'7796',1,'2018-05-18 12:59:35','2018-05-18 12:59:47',NULL),(43,'15600028878',NULL,'0534',1,'2018-05-18 13:55:46','2018-05-18 13:55:53',NULL),(44,'15640413818',NULL,'7470',0,'2018-05-18 14:10:46','2018-05-18 14:10:46',NULL),(45,'15640413818',NULL,'8023',0,'2018-05-18 14:15:15','2018-05-18 14:15:15',NULL),(46,'13161453802',NULL,'5856',1,'2018-05-18 16:55:25','2018-05-18 16:55:37',NULL),(47,'13161453802',NULL,'2557',1,'2018-05-19 16:27:56','2018-05-19 16:28:10',NULL),(48,'15101012608',NULL,'4076',1,'2018-05-25 09:52:40','2018-05-25 09:52:53',NULL),(49,'15101012608',NULL,'2577',1,'2018-05-26 13:08:07','2018-05-26 13:08:19',NULL),(50,'15101012608',NULL,'8116',1,'2018-05-26 13:08:31','2018-05-26 13:08:38',NULL),(51,'18515499270',NULL,'8107',1,'2018-05-29 10:48:47','2018-05-29 10:48:56',NULL),(52,'18515499270',NULL,'2612',1,'2018-05-29 11:10:10','2018-05-29 11:10:17',NULL),(53,'18515499270',NULL,'0477',1,'2018-05-29 11:10:34','2018-05-29 11:10:42',NULL),(54,'18515499270',NULL,'6039',0,'2018-05-29 11:10:51','2018-05-29 11:10:51',NULL),(55,'18515499270',NULL,'2449',1,'2018-05-29 11:11:40','2018-05-29 11:11:52',NULL),(56,'18610933295',NULL,'5640',1,'2018-05-29 15:41:39','2018-05-29 15:41:50',NULL),(57,'15801438796',NULL,'8426',0,'2018-05-29 16:11:23','2018-05-29 16:11:23',NULL),(58,'13811986234',NULL,'3865',1,'2018-05-29 16:11:42','2018-05-29 16:11:57',NULL),(59,'18101095811',NULL,'7443',1,'2018-05-29 16:14:58','2018-05-29 16:15:13',NULL),(60,'18518952272',NULL,'0072',1,'2018-05-29 16:15:43','2018-05-29 16:15:53',NULL),(61,'18101095811',NULL,'1033',1,'2018-05-29 16:50:51','2018-05-29 16:51:07',NULL),(62,'18610933295',NULL,'8849',1,'2018-05-29 17:41:18','2018-05-29 17:41:27',NULL),(63,'18610933295',NULL,'4392',1,'2018-05-29 17:41:52','2018-05-29 17:42:02',NULL),(64,'15210592172',NULL,'3137',1,'2018-05-30 06:29:52','2018-05-30 06:30:05',NULL),(65,'18601967724',NULL,'8153',1,'2018-05-30 06:45:17','2018-05-30 06:45:28',NULL),(66,'15210592172',NULL,'4345',1,'2018-05-30 07:24:39','2018-05-30 07:24:50',NULL),(67,'18618169229',NULL,'8270',1,'2018-05-30 07:26:29','2018-05-30 07:26:43',NULL),(68,'13842017496',NULL,'3518',1,'2018-05-30 07:29:13','2018-05-30 07:29:25',NULL),(69,'18618169229',NULL,'4104',1,'2018-05-30 07:38:19','2018-05-30 07:38:37',NULL),(70,'13811986234',NULL,'6241',1,'2018-05-30 07:53:45','2018-05-30 07:53:57',NULL),(71,'13811986234',NULL,'2174',1,'2018-05-30 07:54:52','2018-05-30 07:55:02',NULL),(72,'13842017496',NULL,'8981',1,'2018-05-30 08:00:28','2018-05-30 08:00:36',NULL),(73,'13842017496',NULL,'1012',1,'2018-05-30 08:01:34','2018-05-30 08:01:45',NULL),(74,'13842017496',NULL,'4346',1,'2018-05-30 08:16:32','2018-05-30 08:16:41',NULL),(75,'13897905639',NULL,'2291',0,'2018-05-30 08:26:19','2018-05-30 08:26:19',NULL),(76,'18601979224',NULL,'1146',1,'2018-05-30 08:32:44','2018-05-30 08:32:53',NULL),(77,'17600699961',NULL,'1314',1,'2018-05-30 08:40:45','2018-05-30 08:40:53',NULL),(78,'13331113912',NULL,'7822',1,'2018-05-30 08:40:46','2018-05-30 08:41:16',NULL),(79,'15801438796',NULL,'4392',1,'2018-05-30 08:50:29','2018-05-30 08:50:54',NULL),(80,'18610933285',NULL,'4229',0,'2018-05-30 09:00:45','2018-05-30 09:00:45',NULL),(81,'17600699961',NULL,'0597',1,'2018-05-30 09:00:47','2018-05-30 09:00:57',NULL),(82,'18610933285',NULL,'0375',0,'2018-05-30 09:02:03','2018-05-30 09:02:03',NULL),(83,'18610933295',NULL,'1349',1,'2018-05-30 09:02:10','2018-05-30 09:02:20',NULL),(84,'18601979224',NULL,'2865',1,'2018-05-30 09:07:51','2018-05-30 09:07:59',NULL),(85,'15801438796',NULL,'2364',0,'2018-05-30 09:10:47','2018-05-30 09:10:47',NULL),(86,'15801438796',NULL,'9918',1,'2018-05-30 09:11:58','2018-05-30 09:12:13',NULL),(87,'13931439870',NULL,'0155',1,'2018-05-30 09:19:15','2018-05-30 09:19:27',NULL),(88,'18610933295',NULL,'1769',1,'2018-05-30 09:21:04','2018-05-30 09:21:12',NULL),(89,'13897905639',NULL,'6408',0,'2018-05-30 09:28:11','2018-05-30 09:28:11',NULL),(90,'18341328073',NULL,'3064',1,'2018-05-30 09:31:32','2018-05-30 09:31:47',NULL),(91,'13897905639',NULL,'2077',1,'2018-05-30 09:35:00','2018-05-30 09:35:10',NULL),(92,'18810258089',NULL,'9814',1,'2018-05-30 09:37:38','2018-05-30 09:37:58',NULL),(93,'18341328073',NULL,'8266',1,'2018-05-30 09:38:14','2018-05-30 09:38:30',NULL),(94,'15640413818',NULL,'6040',1,'2018-05-30 09:39:37','2018-05-30 09:39:45',NULL),(95,'18341328073',NULL,'6329',1,'2018-05-30 09:40:38','2018-05-30 09:41:00',NULL),(96,'18911005287',NULL,'5738',1,'2018-05-30 09:43:52','2018-05-30 09:44:05',NULL),(97,'18601967724',NULL,'0075',1,'2018-05-30 09:44:27','2018-05-30 09:44:36',NULL),(98,'18341328073',NULL,'7630',1,'2018-05-30 09:49:21','2018-05-30 09:49:36',NULL),(99,'18618169229',NULL,'9964',1,'2018-05-30 09:59:15','2018-05-30 09:59:27',NULL),(100,'18618169229',NULL,'8116',1,'2018-05-30 09:59:45','2018-05-30 09:59:54',NULL),(101,'18341328073',NULL,'8925',0,'2018-05-30 10:01:20','2018-05-30 10:01:20',NULL),(102,'15840345959',NULL,'7980',1,'2018-05-30 10:02:19','2018-05-30 10:03:33',NULL),(103,'18341328073',NULL,'4922',0,'2018-05-30 10:02:33','2018-05-30 10:02:33',NULL),(104,'13941832380',NULL,'7523',1,'2018-05-30 10:03:47','2018-05-30 10:06:20',NULL),(105,'17624048396',NULL,'7333',1,'2018-05-30 10:07:28','2018-05-30 10:07:42',NULL),(106,'15840345959',NULL,'0465',1,'2018-05-30 10:12:36','2018-05-30 10:12:48',NULL),(107,'15840345959',NULL,'5540',1,'2018-05-30 10:13:02','2018-05-30 10:14:04',NULL),(108,'15840345959',NULL,'1272',0,'2018-05-30 10:13:18','2018-05-30 10:13:18',NULL),(109,'15840345959',NULL,'4838',1,'2018-05-30 10:16:25','2018-05-30 10:18:26',NULL),(110,'18618169229',NULL,'7076',1,'2018-05-30 10:20:03','2018-05-30 10:20:11',NULL),(111,'18601967724',NULL,'8917',1,'2018-05-30 10:20:05','2018-05-30 10:20:17',NULL),(112,'18341328073',NULL,'7235',1,'2018-05-30 10:40:46','2018-05-30 10:41:00',NULL),(113,'18341328073',NULL,'4702',1,'2018-05-30 10:41:54','2018-05-30 10:42:07',NULL),(114,'13811986234',NULL,'0044',1,'2018-05-30 12:12:04','2018-05-30 12:12:17',NULL),(115,'13811986234',NULL,'3743',1,'2018-05-30 12:13:23','2018-05-30 12:13:35',NULL),(116,'18341328073',NULL,'4429',1,'2018-05-30 13:33:53','2018-05-30 13:34:07',NULL),(117,'15840345959',NULL,'0937',1,'2018-05-30 14:09:10','2018-05-30 14:09:22',NULL),(118,'13941832380',NULL,'3882',1,'2018-05-30 14:10:50','2018-05-30 14:17:35',NULL),(119,'15840345959',NULL,'9311',1,'2018-05-30 14:16:09','2018-05-30 14:16:18',NULL),(120,'13941832380',NULL,'0751',0,'2018-05-30 14:17:26','2018-05-30 14:17:26',NULL),(121,'15840345959',NULL,'1566',1,'2018-05-30 22:42:11','2018-05-30 22:42:22',NULL),(122,'13552474880',NULL,'3819',1,'2018-05-31 09:33:17','2018-05-31 09:33:37',NULL),(123,'15640413818',NULL,'5266',0,'2018-05-31 10:28:50','2018-05-31 10:28:50',NULL),(124,'18610264855',NULL,'0948',1,'2018-05-31 11:11:01','2018-05-31 11:11:11',NULL),(125,'15640413818',NULL,'5651',0,'2018-06-03 09:45:17','2018-06-03 09:45:17',NULL),(126,'18601967724',NULL,'6603',1,'2018-06-04 07:33:03','2018-06-04 07:33:19',NULL),(127,'18911005287',NULL,'4503',1,'2018-06-07 06:32:52','2018-06-07 06:33:05',NULL),(128,'15640413818',NULL,'7811',1,'2018-06-07 11:19:25','2018-06-07 11:19:33',NULL),(129,'17624048396',NULL,'8231',1,'2018-06-07 13:02:17','2018-06-07 13:02:26',NULL),(130,'18911005287',NULL,'6016',1,'2018-06-07 15:06:10','2018-06-07 15:06:23',NULL),(131,'17624048396',NULL,'8346',1,'2018-06-07 17:53:21','2018-06-07 17:53:29',NULL),(132,'15640413818',NULL,'8029',1,'2018-06-07 17:55:48','2018-06-07 17:55:59',NULL),(133,'15640413818',NULL,'7357',1,'2018-06-07 17:56:36','2018-06-07 17:56:53',NULL),(134,'15640413818',NULL,'4872',1,'2018-06-07 18:08:13','2018-06-07 18:08:38',NULL),(135,'15618765789',NULL,'8051',0,'2018-06-07 18:09:26','2018-06-07 18:09:26',NULL),(136,'15618765789',NULL,'2557',0,'2018-06-07 18:13:05','2018-06-07 18:13:05',NULL),(137,'17624048396',NULL,'3131',0,'2018-06-07 18:18:11','2018-06-07 18:18:11',NULL),(138,'17624048396',NULL,'8804',1,'2018-06-07 18:19:33','2018-06-07 18:20:36',NULL),(139,'15640413818',NULL,'3706',1,'2018-06-07 18:27:06','2018-06-07 18:27:40',NULL),(140,'15640413818',NULL,'5471',0,'2018-06-07 18:28:17','2018-06-07 18:28:17',NULL),(141,'15640413818',NULL,'5737',0,'2018-06-07 18:29:26','2018-06-07 18:29:26',NULL),(142,'15640413818',NULL,'9571',0,'2018-06-07 18:32:39','2018-06-07 18:32:39',NULL),(143,'15640413818',NULL,'2200',1,'2018-06-07 18:33:03','2018-06-07 18:35:49',NULL),(144,'15640413818',NULL,'0206',1,'2018-06-07 18:33:26','2018-06-07 18:35:06',NULL),(145,'17624048396',NULL,'8629',1,'2018-06-07 18:39:20','2018-06-07 18:39:30',NULL),(146,'15640413818',NULL,'3694',1,'2018-06-07 18:39:48','2018-06-07 18:40:07',NULL),(147,'18341328073',NULL,'1195',1,'2018-06-07 18:39:49','2018-06-07 18:40:02',NULL),(148,'17624048396',NULL,'3910',1,'2018-06-07 18:40:24','2018-06-07 18:40:32',NULL),(149,'15640413818',NULL,'0058',0,'2018-06-07 18:40:35','2018-06-07 18:40:35',NULL),(150,'15640413818',NULL,'5548',1,'2018-06-07 18:40:46','2018-06-07 18:41:07',NULL),(151,'15840345959',NULL,'0810',1,'2018-06-07 18:41:28','2018-06-07 18:41:36',NULL),(152,'13811986234',NULL,'8477',1,'2018-06-08 13:29:38','2018-06-08 13:29:53',NULL),(153,'13811986234',NULL,'8314',1,'2018-06-08 13:30:29','2018-06-08 13:30:54',NULL),(154,'13811986234',NULL,'1502',1,'2018-06-08 13:36:19','2018-06-08 13:36:49',NULL),(155,'15840345959',NULL,'7081',1,'2018-06-08 13:59:20','2018-06-08 13:59:34',NULL),(156,'13941832380',NULL,'0722',0,'2018-06-08 13:59:46','2018-06-08 13:59:46',NULL),(157,'18341328073',NULL,'8461',1,'2018-06-08 14:03:28','2018-06-08 14:03:43',NULL),(158,'15600028878',NULL,'0025',1,'2018-06-08 14:14:25','2018-06-08 14:14:36',NULL),(159,'15840345959',NULL,'9387',0,'2018-06-08 14:22:12','2018-06-08 14:22:24',NULL),(160,'18341328073',NULL,'4558',1,'2018-06-08 14:41:23','2018-06-08 14:41:36',NULL),(161,'18341328073',NULL,'9219',1,'2018-06-08 15:38:25','2018-06-08 15:38:38',NULL),(162,'17624048396',NULL,'8568',1,'2018-06-08 15:44:37','2018-06-08 15:44:44',NULL),(163,'17624048396',NULL,'4398',1,'2018-06-08 15:46:23','2018-06-08 15:46:39',NULL),(164,'18341328073',NULL,'0748',1,'2018-06-08 15:51:11','2018-06-08 15:51:24',NULL),(165,'17624048396',NULL,'2318',1,'2018-06-08 15:52:21','2018-06-08 15:52:28',NULL),(166,'18341328073',NULL,'4637',1,'2018-06-08 15:53:47','2018-06-08 15:54:00',NULL),(167,'15840345959',NULL,'7205',1,'2018-06-08 15:59:40','2018-06-08 15:59:53',NULL),(168,'18341328073',NULL,'5641',1,'2018-06-08 16:00:03','2018-06-08 16:00:29',NULL),(169,'13941832380',NULL,'7549',1,'2018-06-08 16:00:12','2018-06-08 16:00:31',NULL),(170,'17624048396',NULL,'9955',1,'2018-06-08 16:15:50','2018-06-08 16:15:57',NULL),(171,'18341328073',NULL,'8221',1,'2018-06-08 16:16:31','2018-06-08 16:16:51',NULL),(172,'18801211720',NULL,'3308',1,'2018-06-08 16:30:14','2018-06-08 16:30:23',NULL),(173,'15640413818',NULL,'3863',0,'2018-06-09 00:18:12','2018-06-09 00:18:12',NULL),(174,'18601979224',NULL,'0210',0,'2018-06-09 09:28:08','2018-06-09 09:28:08',NULL),(175,'18341328073',NULL,'6855',1,'2018-06-09 12:34:24','2018-06-09 12:34:37',NULL),(176,'17624048396',NULL,'9201',1,'2018-06-09 12:34:53','2018-06-09 12:35:06',NULL),(177,'18614079208',NULL,'6903',0,'2018-06-13 14:28:46','2018-06-13 14:28:46',NULL),(178,'18614079208',NULL,'7476',1,'2018-06-13 16:18:27','2018-06-13 16:18:39',NULL),(179,'18614079208',NULL,'4050',0,'2018-06-13 17:10:44','2018-06-13 17:10:44',NULL),(180,'18614079208',NULL,'7562',0,'2018-06-13 17:11:09','2018-06-13 17:11:09',NULL);
